C:\Users\Marwan\Downloads\behave\data_bridge\IMG\center_2018_04_22_18_33_08_784.jpg,C:\Users\Marwan\Downloads\behave\data_bridge\IMG\left_2018_04_22_18_33_08_784.jpg,C:\Users\Marwan\Downloads\behave\data_bridge\IMG\right_2018_04_22_18_33_08_784.jpg,0,1,0,18.2481
C:\Users\Marwan\Downloads\behave\data_bridge\IMG\center_2018_04_22_18_33_08_861.jpg,C:\Users\Marwan\Downloads\behave\data_bridge\IMG\left_2018_04_22_18_33_08_861.jpg,C:\Users\Marwan\Downloads\behave\data_bridge\IMG\right_2018_04_22_18_33_08_861.jpg,0,1,0,19.06365
C:\Users\Marwan\Downloads\behave\data_bridge\IMG\center_2018_04_22_18_33_08_932.jpg,C:\Users\Marwan\Downloads\behave\data_bridge\IMG\left_2018_04_22_18_33_08_932.jpg,C:\Users\Marwan\Downloads\behave\data_bridge\IMG\right_2018_04_22_18_33_08_932.jpg,0,1,0,19.54308
C:\Users\Marwan\Downloads\behave\data_bridge\IMG\center_2018_04_22_18_33_09_012.jpg,C:\Users\Marwan\Downloads\behave\data_bridge\IMG\left_2018_04_22_18_33_09_012.jpg,C:\Users\Marwan\Downloads\behave\data_bridge\IMG\right_2018_04_22_18_33_09_012.jpg,0,1,0,20.3682
C:\Users\Marwan\Downloads\behave\data_bridge\IMG\center_2018_04_22_18_33_09_085.jpg,C:\Users\Marwan\Downloads\behave\data_bridge\IMG\left_2018_04_22_18_33_09_085.jpg,C:\Users\Marwan\Downloads\behave\data_bridge\IMG\right_2018_04_22_18_33_09_085.jpg,0,1,0,21.1872
C:\Users\Marwan\Downloads\behave\data_bridge\IMG\center_2018_04_22_18_33_09_161.jpg,C:\Users\Marwan\Downloads\behave\data_bridge\IMG\left_2018_04_22_18_33_09_161.jpg,C:\Users\Marwan\Downloads\behave\data_bridge\IMG\right_2018_04_22_18_33_09_161.jpg,0.1,1,0,21.9953
C:\Users\Marwan\Downloads\behave\data_bridge\IMG\center_2018_04_22_18_33_09_236.jpg,C:\Users\Marwan\Downloads\behave\data_bridge\IMG\left_2018_04_22_18_33_09_236.jpg,C:\Users\Marwan\Downloads\behave\data_bridge\IMG\right_2018_04_22_18_33_09_236.jpg,0.25,1,0,22.59842
C:\Users\Marwan\Downloads\behave\data_bridge\IMG\center_2018_04_22_18_33_09_310.jpg,C:\Users\Marwan\Downloads\behave\data_bridge\IMG\left_2018_04_22_18_33_09_310.jpg,C:\Users\Marwan\Downloads\behave\data_bridge\IMG\right_2018_04_22_18_33_09_310.jpg,0.08317944,1,0,23.36071
C:\Users\Marwan\Downloads\behave\data_bridge\IMG\center_2018_04_22_18_33_09_389.jpg,C:\Users\Marwan\Downloads\behave\data_bridge\IMG\left_2018_04_22_18_33_09_389.jpg,C:\Users\Marwan\Downloads\behave\data_bridge\IMG\right_2018_04_22_18_33_09_389.jpg,0.2831794,1,0,24.11794
C:\Users\Marwan\Downloads\behave\data_bridge\IMG\center_2018_04_22_18_33_09_466.jpg,C:\Users\Marwan\Downloads\behave\data_bridge\IMG\left_2018_04_22_18_33_09_466.jpg,C:\Users\Marwan\Downloads\behave\data_bridge\IMG\right_2018_04_22_18_33_09_466.jpg,0.2363247,1,0,24.8556
C:\Users\Marwan\Downloads\behave\data_bridge\IMG\center_2018_04_22_18_33_09_545.jpg,C:\Users\Marwan\Downloads\behave\data_bridge\IMG\left_2018_04_22_18_33_09_545.jpg,C:\Users\Marwan\Downloads\behave\data_bridge\IMG\right_2018_04_22_18_33_09_545.jpg,0.1264656,1,0,25.62506
C:\Users\Marwan\Downloads\behave\data_bridge\IMG\center_2018_04_22_18_33_09_622.jpg,C:\Users\Marwan\Downloads\behave\data_bridge\IMG\left_2018_04_22_18_33_09_622.jpg,C:\Users\Marwan\Downloads\behave\data_bridge\IMG\right_2018_04_22_18_33_09_622.jpg,0.3264656,1,0,26.36309
C:\Users\Marwan\Downloads\behave\data_bridge\IMG\center_2018_04_22_18_33_09_697.jpg,C:\Users\Marwan\Downloads\behave\data_bridge\IMG\left_2018_04_22_18_33_09_697.jpg,C:\Users\Marwan\Downloads\behave\data_bridge\IMG\right_2018_04_22_18_33_09_697.jpg,0.1617472,1,0,26.91962
C:\Users\Marwan\Downloads\behave\data_bridge\IMG\center_2018_04_22_18_33_09_778.jpg,C:\Users\Marwan\Downloads\behave\data_bridge\IMG\left_2018_04_22_18_33_09_778.jpg,C:\Users\Marwan\Downloads\behave\data_bridge\IMG\right_2018_04_22_18_33_09_778.jpg,0,1,0,27.85256
C:\Users\Marwan\Downloads\behave\data_bridge\IMG\center_2018_04_22_18_33_09_853.jpg,C:\Users\Marwan\Downloads\behave\data_bridge\IMG\left_2018_04_22_18_33_09_853.jpg,C:\Users\Marwan\Downloads\behave\data_bridge\IMG\right_2018_04_22_18_33_09_853.jpg,0,1,0,28.40821
C:\Users\Marwan\Downloads\behave\data_bridge\IMG\center_2018_04_22_18_33_09_925.jpg,C:\Users\Marwan\Downloads\behave\data_bridge\IMG\left_2018_04_22_18_33_09_925.jpg,C:\Users\Marwan\Downloads\behave\data_bridge\IMG\right_2018_04_22_18_33_09_925.jpg,0,1,0,28.67256
C:\Users\Marwan\Downloads\behave\data_bridge\IMG\center_2018_04_22_18_33_10_006.jpg,C:\Users\Marwan\Downloads\behave\data_bridge\IMG\left_2018_04_22_18_33_10_006.jpg,C:\Users\Marwan\Downloads\behave\data_bridge\IMG\right_2018_04_22_18_33_10_006.jpg,-0.2,1,0,29.61601
C:\Users\Marwan\Downloads\behave\data_bridge\IMG\center_2018_04_22_18_33_10_083.jpg,C:\Users\Marwan\Downloads\behave\data_bridge\IMG\left_2018_04_22_18_33_10_083.jpg,C:\Users\Marwan\Downloads\behave\data_bridge\IMG\right_2018_04_22_18_33_10_083.jpg,-0.4,1,0,29.91975
C:\Users\Marwan\Downloads\behave\data_bridge\IMG\center_2018_04_22_18_33_10_159.jpg,C:\Users\Marwan\Downloads\behave\data_bridge\IMG\left_2018_04_22_18_33_10_159.jpg,C:\Users\Marwan\Downloads\behave\data_bridge\IMG\right_2018_04_22_18_33_10_159.jpg,-0.6000001,1,0,30.0125
C:\Users\Marwan\Downloads\behave\data_bridge\IMG\center_2018_04_22_18_33_10_237.jpg,C:\Users\Marwan\Downloads\behave\data_bridge\IMG\left_2018_04_22_18_33_10_237.jpg,C:\Users\Marwan\Downloads\behave\data_bridge\IMG\right_2018_04_22_18_33_10_237.jpg,-0.7719335,1,0,30.51654
C:\Users\Marwan\Downloads\behave\data_bridge\IMG\center_2018_04_22_18_33_10_311.jpg,C:\Users\Marwan\Downloads\behave\data_bridge\IMG\left_2018_04_22_18_33_10_311.jpg,C:\Users\Marwan\Downloads\behave\data_bridge\IMG\right_2018_04_22_18_33_10_311.jpg,-0.5320748,1,0,30.25502
C:\Users\Marwan\Downloads\behave\data_bridge\IMG\center_2018_04_22_18_33_10_388.jpg,C:\Users\Marwan\Downloads\behave\data_bridge\IMG\left_2018_04_22_18_33_10_388.jpg,C:\Users\Marwan\Downloads\behave\data_bridge\IMG\right_2018_04_22_18_33_10_388.jpg,-0.3034339,1,0,30.19668
C:\Users\Marwan\Downloads\behave\data_bridge\IMG\center_2018_04_22_18_33_10_461.jpg,C:\Users\Marwan\Downloads\behave\data_bridge\IMG\left_2018_04_22_18_33_10_461.jpg,C:\Users\Marwan\Downloads\behave\data_bridge\IMG\right_2018_04_22_18_33_10_461.jpg,-0.1008485,1,0,30.19338
C:\Users\Marwan\Downloads\behave\data_bridge\IMG\center_2018_04_22_18_33_10_544.jpg,C:\Users\Marwan\Downloads\behave\data_bridge\IMG\left_2018_04_22_18_33_10_544.jpg,C:\Users\Marwan\Downloads\behave\data_bridge\IMG\right_2018_04_22_18_33_10_544.jpg,0.0991515,1,0,30.17779
C:\Users\Marwan\Downloads\behave\data_bridge\IMG\center_2018_04_22_18_33_10_620.jpg,C:\Users\Marwan\Downloads\behave\data_bridge\IMG\left_2018_04_22_18_33_10_620.jpg,C:\Users\Marwan\Downloads\behave\data_bridge\IMG\right_2018_04_22_18_33_10_620.jpg,0.2991515,1,0,30.15858
C:\Users\Marwan\Downloads\behave\data_bridge\IMG\center_2018_04_22_18_33_10_694.jpg,C:\Users\Marwan\Downloads\behave\data_bridge\IMG\left_2018_04_22_18_33_10_694.jpg,C:\Users\Marwan\Downloads\behave\data_bridge\IMG\right_2018_04_22_18_33_10_694.jpg,0.4491515,1,0,30.143
C:\Users\Marwan\Downloads\behave\data_bridge\IMG\center_2018_04_22_18_33_10_772.jpg,C:\Users\Marwan\Downloads\behave\data_bridge\IMG\left_2018_04_22_18_33_10_772.jpg,C:\Users\Marwan\Downloads\behave\data_bridge\IMG\right_2018_04_22_18_33_10_772.jpg,0.6491516,1,0,30.12083
C:\Users\Marwan\Downloads\behave\data_bridge\IMG\center_2018_04_22_18_33_10_846.jpg,C:\Users\Marwan\Downloads\behave\data_bridge\IMG\left_2018_04_22_18_33_10_846.jpg,C:\Users\Marwan\Downloads\behave\data_bridge\IMG\right_2018_04_22_18_33_10_846.jpg,0.8491516,1,0,30.10317
C:\Users\Marwan\Downloads\behave\data_bridge\IMG\center_2018_04_22_18_33_10_929.jpg,C:\Users\Marwan\Downloads\behave\data_bridge\IMG\left_2018_04_22_18_33_10_929.jpg,C:\Users\Marwan\Downloads\behave\data_bridge\IMG\right_2018_04_22_18_33_10_929.jpg,0.9110094,1,0,30.10744
C:\Users\Marwan\Downloads\behave\data_bridge\IMG\center_2018_04_22_18_33_11_005.jpg,C:\Users\Marwan\Downloads\behave\data_bridge\IMG\left_2018_04_22_18_33_11_005.jpg,C:\Users\Marwan\Downloads\behave\data_bridge\IMG\right_2018_04_22_18_33_11_005.jpg,0.68299,1,0,30.18004
C:\Users\Marwan\Downloads\behave\data_bridge\IMG\center_2018_04_22_18_33_11_082.jpg,C:\Users\Marwan\Downloads\behave\data_bridge\IMG\left_2018_04_22_18_33_11_082.jpg,C:\Users\Marwan\Downloads\behave\data_bridge\IMG\right_2018_04_22_18_33_11_082.jpg,0.4557164,1,0,30.20341
C:\Users\Marwan\Downloads\behave\data_bridge\IMG\center_2018_04_22_18_33_11_163.jpg,C:\Users\Marwan\Downloads\behave\data_bridge\IMG\left_2018_04_22_18_33_11_163.jpg,C:\Users\Marwan\Downloads\behave\data_bridge\IMG\right_2018_04_22_18_33_11_163.jpg,0.2098437,1,0,30.19582
C:\Users\Marwan\Downloads\behave\data_bridge\IMG\center_2018_04_22_18_33_11_240.jpg,C:\Users\Marwan\Downloads\behave\data_bridge\IMG\left_2018_04_22_18_33_11_240.jpg,C:\Users\Marwan\Downloads\behave\data_bridge\IMG\right_2018_04_22_18_33_11_240.jpg,0,1,0,30.18129
C:\Users\Marwan\Downloads\behave\data_bridge\IMG\center_2018_04_22_18_33_11_314.jpg,C:\Users\Marwan\Downloads\behave\data_bridge\IMG\left_2018_04_22_18_33_11_314.jpg,C:\Users\Marwan\Downloads\behave\data_bridge\IMG\right_2018_04_22_18_33_11_314.jpg,0,1,0,30.18787
C:\Users\Marwan\Downloads\behave\data_bridge\IMG\center_2018_04_22_18_33_11_392.jpg,C:\Users\Marwan\Downloads\behave\data_bridge\IMG\left_2018_04_22_18_33_11_392.jpg,C:\Users\Marwan\Downloads\behave\data_bridge\IMG\right_2018_04_22_18_33_11_392.jpg,-0.05,1,0,30.18762
C:\Users\Marwan\Downloads\behave\data_bridge\IMG\center_2018_04_22_18_33_11_468.jpg,C:\Users\Marwan\Downloads\behave\data_bridge\IMG\left_2018_04_22_18_33_11_468.jpg,C:\Users\Marwan\Downloads\behave\data_bridge\IMG\right_2018_04_22_18_33_11_468.jpg,-0.25,1,0,30.17009
C:\Users\Marwan\Downloads\behave\data_bridge\IMG\center_2018_04_22_18_33_11_542.jpg,C:\Users\Marwan\Downloads\behave\data_bridge\IMG\left_2018_04_22_18_33_11_542.jpg,C:\Users\Marwan\Downloads\behave\data_bridge\IMG\right_2018_04_22_18_33_11_542.jpg,-0.45,1,0,30.14809
C:\Users\Marwan\Downloads\behave\data_bridge\IMG\center_2018_04_22_18_33_11_622.jpg,C:\Users\Marwan\Downloads\behave\data_bridge\IMG\left_2018_04_22_18_33_11_622.jpg,C:\Users\Marwan\Downloads\behave\data_bridge\IMG\right_2018_04_22_18_33_11_622.jpg,-0.6500001,1,0,30.12492
C:\Users\Marwan\Downloads\behave\data_bridge\IMG\center_2018_04_22_18_33_11_696.jpg,C:\Users\Marwan\Downloads\behave\data_bridge\IMG\left_2018_04_22_18_33_11_696.jpg,C:\Users\Marwan\Downloads\behave\data_bridge\IMG\right_2018_04_22_18_33_11_696.jpg,-0.6743648,1,0,30.13471
C:\Users\Marwan\Downloads\behave\data_bridge\IMG\center_2018_04_22_18_33_11_777.jpg,C:\Users\Marwan\Downloads\behave\data_bridge\IMG\left_2018_04_22_18_33_11_777.jpg,C:\Users\Marwan\Downloads\behave\data_bridge\IMG\right_2018_04_22_18_33_11_777.jpg,-0.4306796,1,0,30.1924
C:\Users\Marwan\Downloads\behave\data_bridge\IMG\center_2018_04_22_18_33_11_858.jpg,C:\Users\Marwan\Downloads\behave\data_bridge\IMG\left_2018_04_22_18_33_11_858.jpg,C:\Users\Marwan\Downloads\behave\data_bridge\IMG\right_2018_04_22_18_33_11_858.jpg,-0.1875879,1,0,30.19362
C:\Users\Marwan\Downloads\behave\data_bridge\IMG\center_2018_04_22_18_33_11_938.jpg,C:\Users\Marwan\Downloads\behave\data_bridge\IMG\left_2018_04_22_18_33_11_938.jpg,C:\Users\Marwan\Downloads\behave\data_bridge\IMG\right_2018_04_22_18_33_11_938.jpg,0,1,0,30.18467
C:\Users\Marwan\Downloads\behave\data_bridge\IMG\center_2018_04_22_18_33_12_019.jpg,C:\Users\Marwan\Downloads\behave\data_bridge\IMG\left_2018_04_22_18_33_12_019.jpg,C:\Users\Marwan\Downloads\behave\data_bridge\IMG\right_2018_04_22_18_33_12_019.jpg,0,1,0,30.18919
C:\Users\Marwan\Downloads\behave\data_bridge\IMG\center_2018_04_22_18_33_12_100.jpg,C:\Users\Marwan\Downloads\behave\data_bridge\IMG\left_2018_04_22_18_33_12_100.jpg,C:\Users\Marwan\Downloads\behave\data_bridge\IMG\right_2018_04_22_18_33_12_100.jpg,0,1,0,30.18993
C:\Users\Marwan\Downloads\behave\data_bridge\IMG\center_2018_04_22_18_33_12_179.jpg,C:\Users\Marwan\Downloads\behave\data_bridge\IMG\left_2018_04_22_18_33_12_179.jpg,C:\Users\Marwan\Downloads\behave\data_bridge\IMG\right_2018_04_22_18_33_12_179.jpg,0,1,0,30.19004
C:\Users\Marwan\Downloads\behave\data_bridge\IMG\center_2018_04_22_18_33_12_263.jpg,C:\Users\Marwan\Downloads\behave\data_bridge\IMG\left_2018_04_22_18_33_12_263.jpg,C:\Users\Marwan\Downloads\behave\data_bridge\IMG\right_2018_04_22_18_33_12_263.jpg,0.1,1,0,30.18681
C:\Users\Marwan\Downloads\behave\data_bridge\IMG\center_2018_04_22_18_33_12_343.jpg,C:\Users\Marwan\Downloads\behave\data_bridge\IMG\left_2018_04_22_18_33_12_343.jpg,C:\Users\Marwan\Downloads\behave\data_bridge\IMG\right_2018_04_22_18_33_12_343.jpg,0.3,1,0,30.16822
C:\Users\Marwan\Downloads\behave\data_bridge\IMG\center_2018_04_22_18_33_12_423.jpg,C:\Users\Marwan\Downloads\behave\data_bridge\IMG\left_2018_04_22_18_33_12_423.jpg,C:\Users\Marwan\Downloads\behave\data_bridge\IMG\right_2018_04_22_18_33_12_423.jpg,0.5000001,1,0,30.14453
C:\Users\Marwan\Downloads\behave\data_bridge\IMG\center_2018_04_22_18_33_12_503.jpg,C:\Users\Marwan\Downloads\behave\data_bridge\IMG\left_2018_04_22_18_33_12_503.jpg,C:\Users\Marwan\Downloads\behave\data_bridge\IMG\right_2018_04_22_18_33_12_503.jpg,0.7,1,0,30.1201
C:\Users\Marwan\Downloads\behave\data_bridge\IMG\center_2018_04_22_18_33_12_579.jpg,C:\Users\Marwan\Downloads\behave\data_bridge\IMG\left_2018_04_22_18_33_12_579.jpg,C:\Users\Marwan\Downloads\behave\data_bridge\IMG\right_2018_04_22_18_33_12_579.jpg,0.5737225,1,0,30.1714
C:\Users\Marwan\Downloads\behave\data_bridge\IMG\center_2018_04_22_18_33_12_662.jpg,C:\Users\Marwan\Downloads\behave\data_bridge\IMG\left_2018_04_22_18_33_12_662.jpg,C:\Users\Marwan\Downloads\behave\data_bridge\IMG\right_2018_04_22_18_33_12_662.jpg,0.3259296,1,0,30.19574
C:\Users\Marwan\Downloads\behave\data_bridge\IMG\center_2018_04_22_18_33_12_740.jpg,C:\Users\Marwan\Downloads\behave\data_bridge\IMG\left_2018_04_22_18_33_12_740.jpg,C:\Users\Marwan\Downloads\behave\data_bridge\IMG\right_2018_04_22_18_33_12_740.jpg,0.08962348,1,0,30.19022
C:\Users\Marwan\Downloads\behave\data_bridge\IMG\center_2018_04_22_18_33_12_820.jpg,C:\Users\Marwan\Downloads\behave\data_bridge\IMG\left_2018_04_22_18_33_12_820.jpg,C:\Users\Marwan\Downloads\behave\data_bridge\IMG\right_2018_04_22_18_33_12_820.jpg,-0.1103765,1,0,30.17514
C:\Users\Marwan\Downloads\behave\data_bridge\IMG\center_2018_04_22_18_33_12_901.jpg,C:\Users\Marwan\Downloads\behave\data_bridge\IMG\left_2018_04_22_18_33_12_901.jpg,C:\Users\Marwan\Downloads\behave\data_bridge\IMG\right_2018_04_22_18_33_12_901.jpg,-0.3103765,1,0,30.15648
C:\Users\Marwan\Downloads\behave\data_bridge\IMG\center_2018_04_22_18_33_12_979.jpg,C:\Users\Marwan\Downloads\behave\data_bridge\IMG\left_2018_04_22_18_33_12_979.jpg,C:\Users\Marwan\Downloads\behave\data_bridge\IMG\right_2018_04_22_18_33_12_979.jpg,-0.5103766,1,0,30.136
C:\Users\Marwan\Downloads\behave\data_bridge\IMG\center_2018_04_22_18_33_13_058.jpg,C:\Users\Marwan\Downloads\behave\data_bridge\IMG\left_2018_04_22_18_33_13_058.jpg,C:\Users\Marwan\Downloads\behave\data_bridge\IMG\right_2018_04_22_18_33_13_058.jpg,-0.7103766,1,0,30.11459
C:\Users\Marwan\Downloads\behave\data_bridge\IMG\center_2018_04_22_18_33_13_134.jpg,C:\Users\Marwan\Downloads\behave\data_bridge\IMG\left_2018_04_22_18_33_13_134.jpg,C:\Users\Marwan\Downloads\behave\data_bridge\IMG\right_2018_04_22_18_33_13_134.jpg,-0.8603767,1,0,30.1024
C:\Users\Marwan\Downloads\behave\data_bridge\IMG\center_2018_04_22_18_33_13_216.jpg,C:\Users\Marwan\Downloads\behave\data_bridge\IMG\left_2018_04_22_18_33_13_216.jpg,C:\Users\Marwan\Downloads\behave\data_bridge\IMG\right_2018_04_22_18_33_13_216.jpg,-0.7581022,1,0,30.14784
C:\Users\Marwan\Downloads\behave\data_bridge\IMG\center_2018_04_22_18_33_13_295.jpg,C:\Users\Marwan\Downloads\behave\data_bridge\IMG\left_2018_04_22_18_33_13_295.jpg,C:\Users\Marwan\Downloads\behave\data_bridge\IMG\right_2018_04_22_18_33_13_295.jpg,-0.5163275,1,0,30.1979
C:\Users\Marwan\Downloads\behave\data_bridge\IMG\center_2018_04_22_18_33_13_379.jpg,C:\Users\Marwan\Downloads\behave\data_bridge\IMG\left_2018_04_22_18_33_13_379.jpg,C:\Users\Marwan\Downloads\behave\data_bridge\IMG\right_2018_04_22_18_33_13_379.jpg,-0.2652077,1,0,30.19876
C:\Users\Marwan\Downloads\behave\data_bridge\IMG\center_2018_04_22_18_33_13_462.jpg,C:\Users\Marwan\Downloads\behave\data_bridge\IMG\left_2018_04_22_18_33_13_462.jpg,C:\Users\Marwan\Downloads\behave\data_bridge\IMG\right_2018_04_22_18_33_13_462.jpg,-0.01597874,1,0,30.18206
C:\Users\Marwan\Downloads\behave\data_bridge\IMG\center_2018_04_22_18_33_13_543.jpg,C:\Users\Marwan\Downloads\behave\data_bridge\IMG\left_2018_04_22_18_33_13_543.jpg,C:\Users\Marwan\Downloads\behave\data_bridge\IMG\right_2018_04_22_18_33_13_543.jpg,0,1,0,30.18871
C:\Users\Marwan\Downloads\behave\data_bridge\IMG\center_2018_04_22_18_33_13_624.jpg,C:\Users\Marwan\Downloads\behave\data_bridge\IMG\left_2018_04_22_18_33_13_624.jpg,C:\Users\Marwan\Downloads\behave\data_bridge\IMG\right_2018_04_22_18_33_13_624.jpg,0.1,1,0,30.18417
C:\Users\Marwan\Downloads\behave\data_bridge\IMG\center_2018_04_22_18_33_13_709.jpg,C:\Users\Marwan\Downloads\behave\data_bridge\IMG\left_2018_04_22_18_33_13_709.jpg,C:\Users\Marwan\Downloads\behave\data_bridge\IMG\right_2018_04_22_18_33_13_709.jpg,0.3,1,0,30.16495
C:\Users\Marwan\Downloads\behave\data_bridge\IMG\center_2018_04_22_18_33_13_787.jpg,C:\Users\Marwan\Downloads\behave\data_bridge\IMG\left_2018_04_22_18_33_13_787.jpg,C:\Users\Marwan\Downloads\behave\data_bridge\IMG\right_2018_04_22_18_33_13_787.jpg,0.5000001,1,0,30.14237
C:\Users\Marwan\Downloads\behave\data_bridge\IMG\center_2018_04_22_18_33_13_870.jpg,C:\Users\Marwan\Downloads\behave\data_bridge\IMG\left_2018_04_22_18_33_13_870.jpg,C:\Users\Marwan\Downloads\behave\data_bridge\IMG\right_2018_04_22_18_33_13_870.jpg,0.7,1,0,30.11862
C:\Users\Marwan\Downloads\behave\data_bridge\IMG\center_2018_04_22_18_33_13_953.jpg,C:\Users\Marwan\Downloads\behave\data_bridge\IMG\left_2018_04_22_18_33_13_953.jpg,C:\Users\Marwan\Downloads\behave\data_bridge\IMG\right_2018_04_22_18_33_13_953.jpg,0.8977893,1,0,30.1003
C:\Users\Marwan\Downloads\behave\data_bridge\IMG\center_2018_04_22_18_33_14_030.jpg,C:\Users\Marwan\Downloads\behave\data_bridge\IMG\left_2018_04_22_18_33_14_030.jpg,C:\Users\Marwan\Downloads\behave\data_bridge\IMG\right_2018_04_22_18_33_14_030.jpg,0.6668391,1,0,30.17534
C:\Users\Marwan\Downloads\behave\data_bridge\IMG\center_2018_04_22_18_33_14_119.jpg,C:\Users\Marwan\Downloads\behave\data_bridge\IMG\left_2018_04_22_18_33_14_119.jpg,C:\Users\Marwan\Downloads\behave\data_bridge\IMG\right_2018_04_22_18_33_14_119.jpg,0.399442,1,0,30.1999
C:\Users\Marwan\Downloads\behave\data_bridge\IMG\center_2018_04_22_18_33_14_203.jpg,C:\Users\Marwan\Downloads\behave\data_bridge\IMG\left_2018_04_22_18_33_14_203.jpg,C:\Users\Marwan\Downloads\behave\data_bridge\IMG\right_2018_04_22_18_33_14_203.jpg,0.1494755,1,0,30.19164
C:\Users\Marwan\Downloads\behave\data_bridge\IMG\center_2018_04_22_18_33_14_286.jpg,C:\Users\Marwan\Downloads\behave\data_bridge\IMG\left_2018_04_22_18_33_14_286.jpg,C:\Users\Marwan\Downloads\behave\data_bridge\IMG\right_2018_04_22_18_33_14_286.jpg,0,1,0,30.18557
C:\Users\Marwan\Downloads\behave\data_bridge\IMG\center_2018_04_22_18_33_14_364.jpg,C:\Users\Marwan\Downloads\behave\data_bridge\IMG\left_2018_04_22_18_33_14_364.jpg,C:\Users\Marwan\Downloads\behave\data_bridge\IMG\right_2018_04_22_18_33_14_364.jpg,-0.15,1,0,30.17577
C:\Users\Marwan\Downloads\behave\data_bridge\IMG\center_2018_04_22_18_33_14_442.jpg,C:\Users\Marwan\Downloads\behave\data_bridge\IMG\left_2018_04_22_18_33_14_442.jpg,C:\Users\Marwan\Downloads\behave\data_bridge\IMG\right_2018_04_22_18_33_14_442.jpg,-0.35,1,0,30.15569
C:\Users\Marwan\Downloads\behave\data_bridge\IMG\center_2018_04_22_18_33_14_522.jpg,C:\Users\Marwan\Downloads\behave\data_bridge\IMG\left_2018_04_22_18_33_14_522.jpg,C:\Users\Marwan\Downloads\behave\data_bridge\IMG\right_2018_04_22_18_33_14_522.jpg,-0.5500001,1,0,30.13405
C:\Users\Marwan\Downloads\behave\data_bridge\IMG\center_2018_04_22_18_33_14_603.jpg,C:\Users\Marwan\Downloads\behave\data_bridge\IMG\left_2018_04_22_18_33_14_603.jpg,C:\Users\Marwan\Downloads\behave\data_bridge\IMG\right_2018_04_22_18_33_14_603.jpg,-0.7500002,1,0,30.11207
C:\Users\Marwan\Downloads\behave\data_bridge\IMG\center_2018_04_22_18_33_14_686.jpg,C:\Users\Marwan\Downloads\behave\data_bridge\IMG\left_2018_04_22_18_33_14_686.jpg,C:\Users\Marwan\Downloads\behave\data_bridge\IMG\right_2018_04_22_18_33_14_686.jpg,-0.9500002,1,0,30.09596
C:\Users\Marwan\Downloads\behave\data_bridge\IMG\center_2018_04_22_18_33_14_770.jpg,C:\Users\Marwan\Downloads\behave\data_bridge\IMG\left_2018_04_22_18_33_14_770.jpg,C:\Users\Marwan\Downloads\behave\data_bridge\IMG\right_2018_04_22_18_33_14_770.jpg,-0.8281996,1,0,30.14281
C:\Users\Marwan\Downloads\behave\data_bridge\IMG\center_2018_04_22_18_33_14_856.jpg,C:\Users\Marwan\Downloads\behave\data_bridge\IMG\left_2018_04_22_18_33_14_856.jpg,C:\Users\Marwan\Downloads\behave\data_bridge\IMG\right_2018_04_22_18_33_14_856.jpg,-0.5690867,1,0,30.20021
C:\Users\Marwan\Downloads\behave\data_bridge\IMG\center_2018_04_22_18_33_14_943.jpg,C:\Users\Marwan\Downloads\behave\data_bridge\IMG\left_2018_04_22_18_33_14_943.jpg,C:\Users\Marwan\Downloads\behave\data_bridge\IMG\right_2018_04_22_18_33_14_943.jpg,-0.3058072,1,0,30.20177
C:\Users\Marwan\Downloads\behave\data_bridge\IMG\center_2018_04_22_18_33_15_030.jpg,C:\Users\Marwan\Downloads\behave\data_bridge\IMG\left_2018_04_22_18_33_15_030.jpg,C:\Users\Marwan\Downloads\behave\data_bridge\IMG\right_2018_04_22_18_33_15_030.jpg,-0.1058072,1,0,30.19286
C:\Users\Marwan\Downloads\behave\data_bridge\IMG\center_2018_04_22_18_33_15_122.jpg,C:\Users\Marwan\Downloads\behave\data_bridge\IMG\left_2018_04_22_18_33_15_122.jpg,C:\Users\Marwan\Downloads\behave\data_bridge\IMG\right_2018_04_22_18_33_15_122.jpg,0.1441928,1,0,30.17241
C:\Users\Marwan\Downloads\behave\data_bridge\IMG\center_2018_04_22_18_33_15_211.jpg,C:\Users\Marwan\Downloads\behave\data_bridge\IMG\left_2018_04_22_18_33_15_211.jpg,C:\Users\Marwan\Downloads\behave\data_bridge\IMG\right_2018_04_22_18_33_15_211.jpg,0.3441929,1,0,30.15316
C:\Users\Marwan\Downloads\behave\data_bridge\IMG\center_2018_04_22_18_33_15_303.jpg,C:\Users\Marwan\Downloads\behave\data_bridge\IMG\left_2018_04_22_18_33_15_303.jpg,C:\Users\Marwan\Downloads\behave\data_bridge\IMG\right_2018_04_22_18_33_15_303.jpg,0.5941929,1,0,30.12697
C:\Users\Marwan\Downloads\behave\data_bridge\IMG\center_2018_04_22_18_33_15_390.jpg,C:\Users\Marwan\Downloads\behave\data_bridge\IMG\left_2018_04_22_18_33_15_390.jpg,C:\Users\Marwan\Downloads\behave\data_bridge\IMG\right_2018_04_22_18_33_15_390.jpg,0.7941929,1,0,30.10776
C:\Users\Marwan\Downloads\behave\data_bridge\IMG\center_2018_04_22_18_33_15_479.jpg,C:\Users\Marwan\Downloads\behave\data_bridge\IMG\left_2018_04_22_18_33_15_479.jpg,C:\Users\Marwan\Downloads\behave\data_bridge\IMG\right_2018_04_22_18_33_15_479.jpg,0.825823,1,0,30.1286
C:\Users\Marwan\Downloads\behave\data_bridge\IMG\center_2018_04_22_18_33_15_568.jpg,C:\Users\Marwan\Downloads\behave\data_bridge\IMG\left_2018_04_22_18_33_15_568.jpg,C:\Users\Marwan\Downloads\behave\data_bridge\IMG\right_2018_04_22_18_33_15_568.jpg,0.5573077,1,0,30.19305
C:\Users\Marwan\Downloads\behave\data_bridge\IMG\center_2018_04_22_18_33_15_658.jpg,C:\Users\Marwan\Downloads\behave\data_bridge\IMG\left_2018_04_22_18_33_15_658.jpg,C:\Users\Marwan\Downloads\behave\data_bridge\IMG\right_2018_04_22_18_33_15_658.jpg,0.2883556,1,0,30.19839
C:\Users\Marwan\Downloads\behave\data_bridge\IMG\center_2018_04_22_18_33_15_747.jpg,C:\Users\Marwan\Downloads\behave\data_bridge\IMG\left_2018_04_22_18_33_15_747.jpg,C:\Users\Marwan\Downloads\behave\data_bridge\IMG\right_2018_04_22_18_33_15_747.jpg,0.02051342,1,0,30.18689
C:\Users\Marwan\Downloads\behave\data_bridge\IMG\center_2018_04_22_18_33_15_837.jpg,C:\Users\Marwan\Downloads\behave\data_bridge\IMG\left_2018_04_22_18_33_15_837.jpg,C:\Users\Marwan\Downloads\behave\data_bridge\IMG\right_2018_04_22_18_33_15_837.jpg,0,1,0,30.18849
C:\Users\Marwan\Downloads\behave\data_bridge\IMG\center_2018_04_22_18_33_15_924.jpg,C:\Users\Marwan\Downloads\behave\data_bridge\IMG\left_2018_04_22_18_33_15_924.jpg,C:\Users\Marwan\Downloads\behave\data_bridge\IMG\right_2018_04_22_18_33_15_924.jpg,0,1,0,30.18955
C:\Users\Marwan\Downloads\behave\data_bridge\IMG\center_2018_04_22_18_33_16_012.jpg,C:\Users\Marwan\Downloads\behave\data_bridge\IMG\left_2018_04_22_18_33_16_012.jpg,C:\Users\Marwan\Downloads\behave\data_bridge\IMG\right_2018_04_22_18_33_16_012.jpg,-0.15,1,0,30.18159
C:\Users\Marwan\Downloads\behave\data_bridge\IMG\center_2018_04_22_18_33_16_100.jpg,C:\Users\Marwan\Downloads\behave\data_bridge\IMG\left_2018_04_22_18_33_16_100.jpg,C:\Users\Marwan\Downloads\behave\data_bridge\IMG\right_2018_04_22_18_33_16_100.jpg,-0.4,1,0,30.15536
C:\Users\Marwan\Downloads\behave\data_bridge\IMG\center_2018_04_22_18_33_16_189.jpg,C:\Users\Marwan\Downloads\behave\data_bridge\IMG\left_2018_04_22_18_33_16_189.jpg,C:\Users\Marwan\Downloads\behave\data_bridge\IMG\right_2018_04_22_18_33_16_189.jpg,-0.6000001,1,0,30.13186
C:\Users\Marwan\Downloads\behave\data_bridge\IMG\center_2018_04_22_18_33_16_279.jpg,C:\Users\Marwan\Downloads\behave\data_bridge\IMG\left_2018_04_22_18_33_16_279.jpg,C:\Users\Marwan\Downloads\behave\data_bridge\IMG\right_2018_04_22_18_33_16_279.jpg,-0.4289497,1,0,30.18494
C:\Users\Marwan\Downloads\behave\data_bridge\IMG\center_2018_04_22_18_33_16_366.jpg,C:\Users\Marwan\Downloads\behave\data_bridge\IMG\left_2018_04_22_18_33_16_366.jpg,C:\Users\Marwan\Downloads\behave\data_bridge\IMG\right_2018_04_22_18_33_16_366.jpg,-0.1721896,1,0,30.19496
C:\Users\Marwan\Downloads\behave\data_bridge\IMG\center_2018_04_22_18_33_16_458.jpg,C:\Users\Marwan\Downloads\behave\data_bridge\IMG\left_2018_04_22_18_33_16_458.jpg,C:\Users\Marwan\Downloads\behave\data_bridge\IMG\right_2018_04_22_18_33_16_458.jpg,0,1,0,30.18743
C:\Users\Marwan\Downloads\behave\data_bridge\IMG\center_2018_04_22_18_33_16_547.jpg,C:\Users\Marwan\Downloads\behave\data_bridge\IMG\left_2018_04_22_18_33_16_547.jpg,C:\Users\Marwan\Downloads\behave\data_bridge\IMG\right_2018_04_22_18_33_16_547.jpg,0,1,0,30.18959
C:\Users\Marwan\Downloads\behave\data_bridge\IMG\center_2018_04_22_18_33_16_643.jpg,C:\Users\Marwan\Downloads\behave\data_bridge\IMG\left_2018_04_22_18_33_16_643.jpg,C:\Users\Marwan\Downloads\behave\data_bridge\IMG\right_2018_04_22_18_33_16_643.jpg,0,1,0,30.19007
C:\Users\Marwan\Downloads\behave\data_bridge\IMG\center_2018_04_22_18_33_16_730.jpg,C:\Users\Marwan\Downloads\behave\data_bridge\IMG\left_2018_04_22_18_33_16_730.jpg,C:\Users\Marwan\Downloads\behave\data_bridge\IMG\right_2018_04_22_18_33_16_730.jpg,0,0.7354847,0,30.14624
C:\Users\Marwan\Downloads\behave\data_bridge\IMG\center_2018_04_22_18_33_16_828.jpg,C:\Users\Marwan\Downloads\behave\data_bridge\IMG\left_2018_04_22_18_33_16_828.jpg,C:\Users\Marwan\Downloads\behave\data_bridge\IMG\right_2018_04_22_18_33_16_828.jpg,0,0.4439277,0,30.04468
C:\Users\Marwan\Downloads\behave\data_bridge\IMG\center_2018_04_22_18_33_16_922.jpg,C:\Users\Marwan\Downloads\behave\data_bridge\IMG\left_2018_04_22_18_33_16_922.jpg,C:\Users\Marwan\Downloads\behave\data_bridge\IMG\right_2018_04_22_18_33_16_922.jpg,0.1,0.1608832,0,29.96244
C:\Users\Marwan\Downloads\behave\data_bridge\IMG\center_2018_04_22_18_33_17_018.jpg,C:\Users\Marwan\Downloads\behave\data_bridge\IMG\left_2018_04_22_18_33_17_018.jpg,C:\Users\Marwan\Downloads\behave\data_bridge\IMG\right_2018_04_22_18_33_17_018.jpg,0.1701573,0,0,29.66632
C:\Users\Marwan\Downloads\behave\data_bridge\IMG\center_2018_04_22_18_33_17_116.jpg,C:\Users\Marwan\Downloads\behave\data_bridge\IMG\left_2018_04_22_18_33_17_116.jpg,C:\Users\Marwan\Downloads\behave\data_bridge\IMG\right_2018_04_22_18_33_17_116.jpg,0,0,0,29.42429
C:\Users\Marwan\Downloads\behave\data_bridge\IMG\center_2018_04_22_18_33_17_215.jpg,C:\Users\Marwan\Downloads\behave\data_bridge\IMG\left_2018_04_22_18_33_17_215.jpg,C:\Users\Marwan\Downloads\behave\data_bridge\IMG\right_2018_04_22_18_33_17_215.jpg,0,0,0,29.12646
C:\Users\Marwan\Downloads\behave\data_bridge\IMG\center_2018_04_22_18_33_17_521.jpg,C:\Users\Marwan\Downloads\behave\data_bridge\IMG\left_2018_04_22_18_33_17_521.jpg,C:\Users\Marwan\Downloads\behave\data_bridge\IMG\right_2018_04_22_18_33_17_521.jpg,0,0,0,28.83267
C:\Users\Marwan\Downloads\behave\data_bridge\IMG\center_2018_04_22_18_34_21_857.jpg,C:\Users\Marwan\Downloads\behave\data_bridge\IMG\left_2018_04_22_18_34_21_857.jpg,C:\Users\Marwan\Downloads\behave\data_bridge\IMG\right_2018_04_22_18_34_21_857.jpg,0,1,0,5.080558
C:\Users\Marwan\Downloads\behave\data_bridge\IMG\center_2018_04_22_18_34_21_942.jpg,C:\Users\Marwan\Downloads\behave\data_bridge\IMG\left_2018_04_22_18_34_21_942.jpg,C:\Users\Marwan\Downloads\behave\data_bridge\IMG\right_2018_04_22_18_34_21_942.jpg,0,1,0,6.235822
C:\Users\Marwan\Downloads\behave\data_bridge\IMG\center_2018_04_22_18_34_22_024.jpg,C:\Users\Marwan\Downloads\behave\data_bridge\IMG\left_2018_04_22_18_34_22_024.jpg,C:\Users\Marwan\Downloads\behave\data_bridge\IMG\right_2018_04_22_18_34_22_024.jpg,0,1,0,7.151965
C:\Users\Marwan\Downloads\behave\data_bridge\IMG\center_2018_04_22_18_34_22_102.jpg,C:\Users\Marwan\Downloads\behave\data_bridge\IMG\left_2018_04_22_18_34_22_102.jpg,C:\Users\Marwan\Downloads\behave\data_bridge\IMG\right_2018_04_22_18_34_22_102.jpg,0,1,0,8.060997
C:\Users\Marwan\Downloads\behave\data_bridge\IMG\center_2018_04_22_18_34_22_182.jpg,C:\Users\Marwan\Downloads\behave\data_bridge\IMG\left_2018_04_22_18_34_22_182.jpg,C:\Users\Marwan\Downloads\behave\data_bridge\IMG\right_2018_04_22_18_34_22_182.jpg,0,1,0,8.962949
C:\Users\Marwan\Downloads\behave\data_bridge\IMG\center_2018_04_22_18_34_22_263.jpg,C:\Users\Marwan\Downloads\behave\data_bridge\IMG\left_2018_04_22_18_34_22_263.jpg,C:\Users\Marwan\Downloads\behave\data_bridge\IMG\right_2018_04_22_18_34_22_263.jpg,0,1,0,9.85785
C:\Users\Marwan\Downloads\behave\data_bridge\IMG\center_2018_04_22_18_34_22_341.jpg,C:\Users\Marwan\Downloads\behave\data_bridge\IMG\left_2018_04_22_18_34_22_341.jpg,C:\Users\Marwan\Downloads\behave\data_bridge\IMG\right_2018_04_22_18_34_22_341.jpg,0,1,0,10.7457
C:\Users\Marwan\Downloads\behave\data_bridge\IMG\center_2018_04_22_18_34_22_413.jpg,C:\Users\Marwan\Downloads\behave\data_bridge\IMG\left_2018_04_22_18_34_22_413.jpg,C:\Users\Marwan\Downloads\behave\data_bridge\IMG\right_2018_04_22_18_34_22_413.jpg,0,1,0,11.407
C:\Users\Marwan\Downloads\behave\data_bridge\IMG\center_2018_04_22_18_34_22_494.jpg,C:\Users\Marwan\Downloads\behave\data_bridge\IMG\left_2018_04_22_18_34_22_494.jpg,C:\Users\Marwan\Downloads\behave\data_bridge\IMG\right_2018_04_22_18_34_22_494.jpg,0,1,0,12.03281
C:\Users\Marwan\Downloads\behave\data_bridge\IMG\center_2018_04_22_18_34_22_567.jpg,C:\Users\Marwan\Downloads\behave\data_bridge\IMG\left_2018_04_22_18_34_22_567.jpg,C:\Users\Marwan\Downloads\behave\data_bridge\IMG\right_2018_04_22_18_34_22_567.jpg,-0.15,1,0,13.15744
C:\Users\Marwan\Downloads\behave\data_bridge\IMG\center_2018_04_22_18_34_22_648.jpg,C:\Users\Marwan\Downloads\behave\data_bridge\IMG\left_2018_04_22_18_34_22_648.jpg,C:\Users\Marwan\Downloads\behave\data_bridge\IMG\right_2018_04_22_18_34_22_648.jpg,-0.35,1,0,13.91214
C:\Users\Marwan\Downloads\behave\data_bridge\IMG\center_2018_04_22_18_34_22_727.jpg,C:\Users\Marwan\Downloads\behave\data_bridge\IMG\left_2018_04_22_18_34_22_727.jpg,C:\Users\Marwan\Downloads\behave\data_bridge\IMG\right_2018_04_22_18_34_22_727.jpg,-0.5500001,1,0,14.68256
C:\Users\Marwan\Downloads\behave\data_bridge\IMG\center_2018_04_22_18_34_22_801.jpg,C:\Users\Marwan\Downloads\behave\data_bridge\IMG\left_2018_04_22_18_34_22_801.jpg,C:\Users\Marwan\Downloads\behave\data_bridge\IMG\right_2018_04_22_18_34_22_801.jpg,-0.7500002,1,0,15.44182
C:\Users\Marwan\Downloads\behave\data_bridge\IMG\center_2018_04_22_18_34_22_875.jpg,C:\Users\Marwan\Downloads\behave\data_bridge\IMG\left_2018_04_22_18_34_22_875.jpg,C:\Users\Marwan\Downloads\behave\data_bridge\IMG\right_2018_04_22_18_34_22_875.jpg,-0.6108861,1,0,16.06661
C:\Users\Marwan\Downloads\behave\data_bridge\IMG\center_2018_04_22_18_34_22_950.jpg,C:\Users\Marwan\Downloads\behave\data_bridge\IMG\left_2018_04_22_18_34_22_950.jpg,C:\Users\Marwan\Downloads\behave\data_bridge\IMG\right_2018_04_22_18_34_22_950.jpg,-0.3871368,1,0,16.91586
C:\Users\Marwan\Downloads\behave\data_bridge\IMG\center_2018_04_22_18_34_23_030.jpg,C:\Users\Marwan\Downloads\behave\data_bridge\IMG\left_2018_04_22_18_34_23_030.jpg,C:\Users\Marwan\Downloads\behave\data_bridge\IMG\right_2018_04_22_18_34_23_030.jpg,-0.1836445,1,0,17.77395
C:\Users\Marwan\Downloads\behave\data_bridge\IMG\center_2018_04_22_18_34_23_105.jpg,C:\Users\Marwan\Downloads\behave\data_bridge\IMG\left_2018_04_22_18_34_23_105.jpg,C:\Users\Marwan\Downloads\behave\data_bridge\IMG\right_2018_04_22_18_34_23_105.jpg,0.01635554,1,0,18.58227
C:\Users\Marwan\Downloads\behave\data_bridge\IMG\center_2018_04_22_18_34_23_181.jpg,C:\Users\Marwan\Downloads\behave\data_bridge\IMG\left_2018_04_22_18_34_23_181.jpg,C:\Users\Marwan\Downloads\behave\data_bridge\IMG\right_2018_04_22_18_34_23_181.jpg,0.2163555,1,0,19.34297
C:\Users\Marwan\Downloads\behave\data_bridge\IMG\center_2018_04_22_18_34_23_259.jpg,C:\Users\Marwan\Downloads\behave\data_bridge\IMG\left_2018_04_22_18_34_23_259.jpg,C:\Users\Marwan\Downloads\behave\data_bridge\IMG\right_2018_04_22_18_34_23_259.jpg,0.5295457,1,0,20.00245
C:\Users\Marwan\Downloads\behave\data_bridge\IMG\center_2018_04_22_18_34_23_334.jpg,C:\Users\Marwan\Downloads\behave\data_bridge\IMG\left_2018_04_22_18_34_23_334.jpg,C:\Users\Marwan\Downloads\behave\data_bridge\IMG\right_2018_04_22_18_34_23_334.jpg,0.3033289,1,0,20.54453
C:\Users\Marwan\Downloads\behave\data_bridge\IMG\center_2018_04_22_18_34_23_410.jpg,C:\Users\Marwan\Downloads\behave\data_bridge\IMG\left_2018_04_22_18_34_23_410.jpg,C:\Users\Marwan\Downloads\behave\data_bridge\IMG\right_2018_04_22_18_34_23_410.jpg,0.07686443,1,0,20.88147
C:\Users\Marwan\Downloads\behave\data_bridge\IMG\center_2018_04_22_18_34_23_483.jpg,C:\Users\Marwan\Downloads\behave\data_bridge\IMG\left_2018_04_22_18_34_23_483.jpg,C:\Users\Marwan\Downloads\behave\data_bridge\IMG\right_2018_04_22_18_34_23_483.jpg,0,1,0,21.65039
C:\Users\Marwan\Downloads\behave\data_bridge\IMG\center_2018_04_22_18_34_23_565.jpg,C:\Users\Marwan\Downloads\behave\data_bridge\IMG\left_2018_04_22_18_34_23_565.jpg,C:\Users\Marwan\Downloads\behave\data_bridge\IMG\right_2018_04_22_18_34_23_565.jpg,0,1,0,22.90291
C:\Users\Marwan\Downloads\behave\data_bridge\IMG\center_2018_04_22_18_34_23_633.jpg,C:\Users\Marwan\Downloads\behave\data_bridge\IMG\left_2018_04_22_18_34_23_633.jpg,C:\Users\Marwan\Downloads\behave\data_bridge\IMG\right_2018_04_22_18_34_23_633.jpg,-0.15,1,0,23.44406
C:\Users\Marwan\Downloads\behave\data_bridge\IMG\center_2018_04_22_18_34_23_712.jpg,C:\Users\Marwan\Downloads\behave\data_bridge\IMG\left_2018_04_22_18_34_23_712.jpg,C:\Users\Marwan\Downloads\behave\data_bridge\IMG\right_2018_04_22_18_34_23_712.jpg,-0.35,1,0,23.76153
C:\Users\Marwan\Downloads\behave\data_bridge\IMG\center_2018_04_22_18_34_23_790.jpg,C:\Users\Marwan\Downloads\behave\data_bridge\IMG\left_2018_04_22_18_34_23_790.jpg,C:\Users\Marwan\Downloads\behave\data_bridge\IMG\right_2018_04_22_18_34_23_790.jpg,-0.5500001,1,0,24.34741
C:\Users\Marwan\Downloads\behave\data_bridge\IMG\center_2018_04_22_18_34_23_865.jpg,C:\Users\Marwan\Downloads\behave\data_bridge\IMG\left_2018_04_22_18_34_23_865.jpg,C:\Users\Marwan\Downloads\behave\data_bridge\IMG\right_2018_04_22_18_34_23_865.jpg,-0.7725451,1,0,25.24883
C:\Users\Marwan\Downloads\behave\data_bridge\IMG\center_2018_04_22_18_34_23_943.jpg,C:\Users\Marwan\Downloads\behave\data_bridge\IMG\left_2018_04_22_18_34_23_943.jpg,C:\Users\Marwan\Downloads\behave\data_bridge\IMG\right_2018_04_22_18_34_23_943.jpg,-0.5374815,1,0,26.00732
C:\Users\Marwan\Downloads\behave\data_bridge\IMG\center_2018_04_22_18_34_24_019.jpg,C:\Users\Marwan\Downloads\behave\data_bridge\IMG\left_2018_04_22_18_34_24_019.jpg,C:\Users\Marwan\Downloads\behave\data_bridge\IMG\right_2018_04_22_18_34_24_019.jpg,-0.3098203,1,0,26.78568
C:\Users\Marwan\Downloads\behave\data_bridge\IMG\center_2018_04_22_18_34_24_101.jpg,C:\Users\Marwan\Downloads\behave\data_bridge\IMG\left_2018_04_22_18_34_24_101.jpg,C:\Users\Marwan\Downloads\behave\data_bridge\IMG\right_2018_04_22_18_34_24_101.jpg,-0.08065775,1,0,27.549
C:\Users\Marwan\Downloads\behave\data_bridge\IMG\center_2018_04_22_18_34_24_173.jpg,C:\Users\Marwan\Downloads\behave\data_bridge\IMG\left_2018_04_22_18_34_24_173.jpg,C:\Users\Marwan\Downloads\behave\data_bridge\IMG\right_2018_04_22_18_34_24_173.jpg,0.06934226,1,0,28.08668
C:\Users\Marwan\Downloads\behave\data_bridge\IMG\center_2018_04_22_18_34_24_252.jpg,C:\Users\Marwan\Downloads\behave\data_bridge\IMG\left_2018_04_22_18_34_24_252.jpg,C:\Users\Marwan\Downloads\behave\data_bridge\IMG\right_2018_04_22_18_34_24_252.jpg,0.2693422,1,0,28.74342
C:\Users\Marwan\Downloads\behave\data_bridge\IMG\center_2018_04_22_18_34_24_326.jpg,C:\Users\Marwan\Downloads\behave\data_bridge\IMG\left_2018_04_22_18_34_24_326.jpg,C:\Users\Marwan\Downloads\behave\data_bridge\IMG\right_2018_04_22_18_34_24_326.jpg,0.4693423,1,0,29.3225
C:\Users\Marwan\Downloads\behave\data_bridge\IMG\center_2018_04_22_18_34_24_403.jpg,C:\Users\Marwan\Downloads\behave\data_bridge\IMG\left_2018_04_22_18_34_24_403.jpg,C:\Users\Marwan\Downloads\behave\data_bridge\IMG\right_2018_04_22_18_34_24_403.jpg,0.6693423,1,0,29.81593
C:\Users\Marwan\Downloads\behave\data_bridge\IMG\center_2018_04_22_18_34_24_483.jpg,C:\Users\Marwan\Downloads\behave\data_bridge\IMG\left_2018_04_22_18_34_24_483.jpg,C:\Users\Marwan\Downloads\behave\data_bridge\IMG\right_2018_04_22_18_34_24_483.jpg,0.9123223,1,0,30.09296
C:\Users\Marwan\Downloads\behave\data_bridge\IMG\center_2018_04_22_18_34_24_559.jpg,C:\Users\Marwan\Downloads\behave\data_bridge\IMG\left_2018_04_22_18_34_24_559.jpg,C:\Users\Marwan\Downloads\behave\data_bridge\IMG\right_2018_04_22_18_34_24_559.jpg,0.6828627,1,0,30.1668
C:\Users\Marwan\Downloads\behave\data_bridge\IMG\center_2018_04_22_18_34_24_635.jpg,C:\Users\Marwan\Downloads\behave\data_bridge\IMG\left_2018_04_22_18_34_24_635.jpg,C:\Users\Marwan\Downloads\behave\data_bridge\IMG\right_2018_04_22_18_34_24_635.jpg,0.4555458,1,0,30.19858
C:\Users\Marwan\Downloads\behave\data_bridge\IMG\center_2018_04_22_18_34_24_713.jpg,C:\Users\Marwan\Downloads\behave\data_bridge\IMG\left_2018_04_22_18_34_24_713.jpg,C:\Users\Marwan\Downloads\behave\data_bridge\IMG\right_2018_04_22_18_34_24_713.jpg,0.2214115,1,0,30.1983
C:\Users\Marwan\Downloads\behave\data_bridge\IMG\center_2018_04_22_18_34_24_790.jpg,C:\Users\Marwan\Downloads\behave\data_bridge\IMG\left_2018_04_22_18_34_24_790.jpg,C:\Users\Marwan\Downloads\behave\data_bridge\IMG\right_2018_04_22_18_34_24_790.jpg,0,1,0,30.18496
C:\Users\Marwan\Downloads\behave\data_bridge\IMG\center_2018_04_22_18_34_24_866.jpg,C:\Users\Marwan\Downloads\behave\data_bridge\IMG\left_2018_04_22_18_34_24_866.jpg,C:\Users\Marwan\Downloads\behave\data_bridge\IMG\right_2018_04_22_18_34_24_866.jpg,0,1,0,30.1883
C:\Users\Marwan\Downloads\behave\data_bridge\IMG\center_2018_04_22_18_34_24_943.jpg,C:\Users\Marwan\Downloads\behave\data_bridge\IMG\left_2018_04_22_18_34_24_943.jpg,C:\Users\Marwan\Downloads\behave\data_bridge\IMG\right_2018_04_22_18_34_24_943.jpg,-0.2,1,0,30.17282
C:\Users\Marwan\Downloads\behave\data_bridge\IMG\center_2018_04_22_18_34_25_022.jpg,C:\Users\Marwan\Downloads\behave\data_bridge\IMG\left_2018_04_22_18_34_25_022.jpg,C:\Users\Marwan\Downloads\behave\data_bridge\IMG\right_2018_04_22_18_34_25_022.jpg,-0.4,1,0,30.15193
C:\Users\Marwan\Downloads\behave\data_bridge\IMG\center_2018_04_22_18_34_25_099.jpg,C:\Users\Marwan\Downloads\behave\data_bridge\IMG\left_2018_04_22_18_34_25_099.jpg,C:\Users\Marwan\Downloads\behave\data_bridge\IMG\right_2018_04_22_18_34_25_099.jpg,-0.6000001,1,0,30.12954
C:\Users\Marwan\Downloads\behave\data_bridge\IMG\center_2018_04_22_18_34_25_175.jpg,C:\Users\Marwan\Downloads\behave\data_bridge\IMG\left_2018_04_22_18_34_25_175.jpg,C:\Users\Marwan\Downloads\behave\data_bridge\IMG\right_2018_04_22_18_34_25_175.jpg,-0.7500002,1,0,30.11278
C:\Users\Marwan\Downloads\behave\data_bridge\IMG\center_2018_04_22_18_34_25_251.jpg,C:\Users\Marwan\Downloads\behave\data_bridge\IMG\left_2018_04_22_18_34_25_251.jpg,C:\Users\Marwan\Downloads\behave\data_bridge\IMG\right_2018_04_22_18_34_25_251.jpg,-0.8472354,1,0,30.11515
C:\Users\Marwan\Downloads\behave\data_bridge\IMG\center_2018_04_22_18_34_25_332.jpg,C:\Users\Marwan\Downloads\behave\data_bridge\IMG\left_2018_04_22_18_34_25_332.jpg,C:\Users\Marwan\Downloads\behave\data_bridge\IMG\right_2018_04_22_18_34_25_332.jpg,-0.6052368,1,0,30.18711
C:\Users\Marwan\Downloads\behave\data_bridge\IMG\center_2018_04_22_18_34_25_410.jpg,C:\Users\Marwan\Downloads\behave\data_bridge\IMG\left_2018_04_22_18_34_25_410.jpg,C:\Users\Marwan\Downloads\behave\data_bridge\IMG\right_2018_04_22_18_34_25_410.jpg,-0.4008068,1,0,30.20196
C:\Users\Marwan\Downloads\behave\data_bridge\IMG\center_2018_04_22_18_34_25_490.jpg,C:\Users\Marwan\Downloads\behave\data_bridge\IMG\left_2018_04_22_18_34_25_490.jpg,C:\Users\Marwan\Downloads\behave\data_bridge\IMG\right_2018_04_22_18_34_25_490.jpg,-0.2008067,1,0,30.19805
C:\Users\Marwan\Downloads\behave\data_bridge\IMG\center_2018_04_22_18_34_25_568.jpg,C:\Users\Marwan\Downloads\behave\data_bridge\IMG\left_2018_04_22_18_34_25_568.jpg,C:\Users\Marwan\Downloads\behave\data_bridge\IMG\right_2018_04_22_18_34_25_568.jpg,-0.0008067265,1,0,30.18485
C:\Users\Marwan\Downloads\behave\data_bridge\IMG\center_2018_04_22_18_34_25_652.jpg,C:\Users\Marwan\Downloads\behave\data_bridge\IMG\left_2018_04_22_18_34_25_652.jpg,C:\Users\Marwan\Downloads\behave\data_bridge\IMG\right_2018_04_22_18_34_25_652.jpg,0.1991933,1,0,30.16735
C:\Users\Marwan\Downloads\behave\data_bridge\IMG\center_2018_04_22_18_34_25_733.jpg,C:\Users\Marwan\Downloads\behave\data_bridge\IMG\left_2018_04_22_18_34_25_733.jpg,C:\Users\Marwan\Downloads\behave\data_bridge\IMG\right_2018_04_22_18_34_25_733.jpg,0.3991933,1,0,30.14761
C:\Users\Marwan\Downloads\behave\data_bridge\IMG\center_2018_04_22_18_34_25_812.jpg,C:\Users\Marwan\Downloads\behave\data_bridge\IMG\left_2018_04_22_18_34_25_812.jpg,C:\Users\Marwan\Downloads\behave\data_bridge\IMG\right_2018_04_22_18_34_25_812.jpg,0.5991933,1,0,30.12641
C:\Users\Marwan\Downloads\behave\data_bridge\IMG\center_2018_04_22_18_34_25_894.jpg,C:\Users\Marwan\Downloads\behave\data_bridge\IMG\left_2018_04_22_18_34_25_894.jpg,C:\Users\Marwan\Downloads\behave\data_bridge\IMG\right_2018_04_22_18_34_25_894.jpg,0.7991934,1,0,30.10723
C:\Users\Marwan\Downloads\behave\data_bridge\IMG\center_2018_04_22_18_34_25_969.jpg,C:\Users\Marwan\Downloads\behave\data_bridge\IMG\left_2018_04_22_18_34_25_969.jpg,C:\Users\Marwan\Downloads\behave\data_bridge\IMG\right_2018_04_22_18_34_25_969.jpg,0.8510675,1,0,30.1167
C:\Users\Marwan\Downloads\behave\data_bridge\IMG\center_2018_04_22_18_34_26_056.jpg,C:\Users\Marwan\Downloads\behave\data_bridge\IMG\left_2018_04_22_18_34_26_056.jpg,C:\Users\Marwan\Downloads\behave\data_bridge\IMG\right_2018_04_22_18_34_26_056.jpg,0.5919099,1,0,30.19027
C:\Users\Marwan\Downloads\behave\data_bridge\IMG\center_2018_04_22_18_34_26_133.jpg,C:\Users\Marwan\Downloads\behave\data_bridge\IMG\left_2018_04_22_18_34_26_133.jpg,C:\Users\Marwan\Downloads\behave\data_bridge\IMG\right_2018_04_22_18_34_26_133.jpg,0.3603438,1,0,30.20335
C:\Users\Marwan\Downloads\behave\data_bridge\IMG\center_2018_04_22_18_34_26_211.jpg,C:\Users\Marwan\Downloads\behave\data_bridge\IMG\left_2018_04_22_18_34_26_211.jpg,C:\Users\Marwan\Downloads\behave\data_bridge\IMG\right_2018_04_22_18_34_26_211.jpg,0.1245441,1,0,30.19263
C:\Users\Marwan\Downloads\behave\data_bridge\IMG\center_2018_04_22_18_34_26_289.jpg,C:\Users\Marwan\Downloads\behave\data_bridge\IMG\left_2018_04_22_18_34_26_289.jpg,C:\Users\Marwan\Downloads\behave\data_bridge\IMG\right_2018_04_22_18_34_26_289.jpg,0,1,0,30.18542
C:\Users\Marwan\Downloads\behave\data_bridge\IMG\center_2018_04_22_18_34_26_366.jpg,C:\Users\Marwan\Downloads\behave\data_bridge\IMG\left_2018_04_22_18_34_26_366.jpg,C:\Users\Marwan\Downloads\behave\data_bridge\IMG\right_2018_04_22_18_34_26_366.jpg,-0.2,1,0,30.16895
C:\Users\Marwan\Downloads\behave\data_bridge\IMG\center_2018_04_22_18_34_26_447.jpg,C:\Users\Marwan\Downloads\behave\data_bridge\IMG\left_2018_04_22_18_34_26_447.jpg,C:\Users\Marwan\Downloads\behave\data_bridge\IMG\right_2018_04_22_18_34_26_447.jpg,-0.4,1,0,30.1489
C:\Users\Marwan\Downloads\behave\data_bridge\IMG\center_2018_04_22_18_34_26_526.jpg,C:\Users\Marwan\Downloads\behave\data_bridge\IMG\left_2018_04_22_18_34_26_526.jpg,C:\Users\Marwan\Downloads\behave\data_bridge\IMG\right_2018_04_22_18_34_26_526.jpg,-0.6000001,1,0,30.12746
C:\Users\Marwan\Downloads\behave\data_bridge\IMG\center_2018_04_22_18_34_26_609.jpg,C:\Users\Marwan\Downloads\behave\data_bridge\IMG\left_2018_04_22_18_34_26_609.jpg,C:\Users\Marwan\Downloads\behave\data_bridge\IMG\right_2018_04_22_18_34_26_609.jpg,-0.8000001,1,0,30.10756
C:\Users\Marwan\Downloads\behave\data_bridge\IMG\center_2018_04_22_18_34_26_685.jpg,C:\Users\Marwan\Downloads\behave\data_bridge\IMG\left_2018_04_22_18_34_26_685.jpg,C:\Users\Marwan\Downloads\behave\data_bridge\IMG\right_2018_04_22_18_34_26_685.jpg,-0.9240606,1,0,30.10287
C:\Users\Marwan\Downloads\behave\data_bridge\IMG\center_2018_04_22_18_34_26_771.jpg,C:\Users\Marwan\Downloads\behave\data_bridge\IMG\left_2018_04_22_18_34_26_771.jpg,C:\Users\Marwan\Downloads\behave\data_bridge\IMG\right_2018_04_22_18_34_26_771.jpg,-0.6659808,1,0,30.18004
C:\Users\Marwan\Downloads\behave\data_bridge\IMG\center_2018_04_22_18_34_26_853.jpg,C:\Users\Marwan\Downloads\behave\data_bridge\IMG\left_2018_04_22_18_34_26_853.jpg,C:\Users\Marwan\Downloads\behave\data_bridge\IMG\right_2018_04_22_18_34_26_853.jpg,-0.4598082,1,0,30.20227
C:\Users\Marwan\Downloads\behave\data_bridge\IMG\center_2018_04_22_18_34_26_933.jpg,C:\Users\Marwan\Downloads\behave\data_bridge\IMG\left_2018_04_22_18_34_26_933.jpg,C:\Users\Marwan\Downloads\behave\data_bridge\IMG\right_2018_04_22_18_34_26_933.jpg,-0.2598081,1,0,30.20121
C:\Users\Marwan\Downloads\behave\data_bridge\IMG\center_2018_04_22_18_34_27_014.jpg,C:\Users\Marwan\Downloads\behave\data_bridge\IMG\left_2018_04_22_18_34_27_014.jpg,C:\Users\Marwan\Downloads\behave\data_bridge\IMG\right_2018_04_22_18_34_27_014.jpg,-0.05980813,1,0,30.18955
C:\Users\Marwan\Downloads\behave\data_bridge\IMG\center_2018_04_22_18_34_27_096.jpg,C:\Users\Marwan\Downloads\behave\data_bridge\IMG\left_2018_04_22_18_34_27_096.jpg,C:\Users\Marwan\Downloads\behave\data_bridge\IMG\right_2018_04_22_18_34_27_096.jpg,0.1401919,1,0,30.17286
C:\Users\Marwan\Downloads\behave\data_bridge\IMG\center_2018_04_22_18_34_27_176.jpg,C:\Users\Marwan\Downloads\behave\data_bridge\IMG\left_2018_04_22_18_34_27_176.jpg,C:\Users\Marwan\Downloads\behave\data_bridge\IMG\right_2018_04_22_18_34_27_176.jpg,0.3401919,1,0,30.15366
C:\Users\Marwan\Downloads\behave\data_bridge\IMG\center_2018_04_22_18_34_27_256.jpg,C:\Users\Marwan\Downloads\behave\data_bridge\IMG\left_2018_04_22_18_34_27_256.jpg,C:\Users\Marwan\Downloads\behave\data_bridge\IMG\right_2018_04_22_18_34_27_256.jpg,0.5401919,1,0,30.13281
C:\Users\Marwan\Downloads\behave\data_bridge\IMG\center_2018_04_22_18_34_27_341.jpg,C:\Users\Marwan\Downloads\behave\data_bridge\IMG\left_2018_04_22_18_34_27_341.jpg,C:\Users\Marwan\Downloads\behave\data_bridge\IMG\right_2018_04_22_18_34_27_341.jpg,0.7901919,1,0,30.10807
C:\Users\Marwan\Downloads\behave\data_bridge\IMG\center_2018_04_22_18_34_27_421.jpg,C:\Users\Marwan\Downloads\behave\data_bridge\IMG\left_2018_04_22_18_34_27_421.jpg,C:\Users\Marwan\Downloads\behave\data_bridge\IMG\right_2018_04_22_18_34_27_421.jpg,0.8345901,1,0,30.11842
C:\Users\Marwan\Downloads\behave\data_bridge\IMG\center_2018_04_22_18_34_27_501.jpg,C:\Users\Marwan\Downloads\behave\data_bridge\IMG\left_2018_04_22_18_34_27_501.jpg,C:\Users\Marwan\Downloads\behave\data_bridge\IMG\right_2018_04_22_18_34_27_501.jpg,0.5954592,1,0,30.18698
C:\Users\Marwan\Downloads\behave\data_bridge\IMG\center_2018_04_22_18_34_27_585.jpg,C:\Users\Marwan\Downloads\behave\data_bridge\IMG\left_2018_04_22_18_34_27_585.jpg,C:\Users\Marwan\Downloads\behave\data_bridge\IMG\right_2018_04_22_18_34_27_585.jpg,0.3437936,1,0,30.19961
C:\Users\Marwan\Downloads\behave\data_bridge\IMG\center_2018_04_22_18_34_27_665.jpg,C:\Users\Marwan\Downloads\behave\data_bridge\IMG\left_2018_04_22_18_34_27_665.jpg,C:\Users\Marwan\Downloads\behave\data_bridge\IMG\right_2018_04_22_18_34_27_665.jpg,0.1051722,1,0,30.18858
C:\Users\Marwan\Downloads\behave\data_bridge\IMG\center_2018_04_22_18_34_27_748.jpg,C:\Users\Marwan\Downloads\behave\data_bridge\IMG\left_2018_04_22_18_34_27_748.jpg,C:\Users\Marwan\Downloads\behave\data_bridge\IMG\right_2018_04_22_18_34_27_748.jpg,0,1,0,30.18627
C:\Users\Marwan\Downloads\behave\data_bridge\IMG\center_2018_04_22_18_34_27_831.jpg,C:\Users\Marwan\Downloads\behave\data_bridge\IMG\left_2018_04_22_18_34_27_831.jpg,C:\Users\Marwan\Downloads\behave\data_bridge\IMG\right_2018_04_22_18_34_27_831.jpg,-0.05,1,0,30.18731
C:\Users\Marwan\Downloads\behave\data_bridge\IMG\center_2018_04_22_18_34_27_910.jpg,C:\Users\Marwan\Downloads\behave\data_bridge\IMG\left_2018_04_22_18_34_27_910.jpg,C:\Users\Marwan\Downloads\behave\data_bridge\IMG\right_2018_04_22_18_34_27_910.jpg,-0.25,1,0,30.16942
C:\Users\Marwan\Downloads\behave\data_bridge\IMG\center_2018_04_22_18_34_27_992.jpg,C:\Users\Marwan\Downloads\behave\data_bridge\IMG\left_2018_04_22_18_34_27_992.jpg,C:\Users\Marwan\Downloads\behave\data_bridge\IMG\right_2018_04_22_18_34_27_992.jpg,-0.45,1,0,30.14763
C:\Users\Marwan\Downloads\behave\data_bridge\IMG\center_2018_04_22_18_34_28_074.jpg,C:\Users\Marwan\Downloads\behave\data_bridge\IMG\left_2018_04_22_18_34_28_074.jpg,C:\Users\Marwan\Downloads\behave\data_bridge\IMG\right_2018_04_22_18_34_28_074.jpg,-0.6500001,1,0,30.1247
C:\Users\Marwan\Downloads\behave\data_bridge\IMG\center_2018_04_22_18_34_28_155.jpg,C:\Users\Marwan\Downloads\behave\data_bridge\IMG\left_2018_04_22_18_34_28_155.jpg,C:\Users\Marwan\Downloads\behave\data_bridge\IMG\right_2018_04_22_18_34_28_155.jpg,-0.5827052,1,0,30.16533
C:\Users\Marwan\Downloads\behave\data_bridge\IMG\center_2018_04_22_18_34_28_236.jpg,C:\Users\Marwan\Downloads\behave\data_bridge\IMG\left_2018_04_22_18_34_28_236.jpg,C:\Users\Marwan\Downloads\behave\data_bridge\IMG\right_2018_04_22_18_34_28_236.jpg,-0.3353013,1,0,30.19678
C:\Users\Marwan\Downloads\behave\data_bridge\IMG\center_2018_04_22_18_34_28_324.jpg,C:\Users\Marwan\Downloads\behave\data_bridge\IMG\left_2018_04_22_18_34_28_324.jpg,C:\Users\Marwan\Downloads\behave\data_bridge\IMG\right_2018_04_22_18_34_28_324.jpg,-0.06149102,1,0,30.18881
C:\Users\Marwan\Downloads\behave\data_bridge\IMG\center_2018_04_22_18_34_28_406.jpg,C:\Users\Marwan\Downloads\behave\data_bridge\IMG\left_2018_04_22_18_34_28_406.jpg,C:\Users\Marwan\Downloads\behave\data_bridge\IMG\right_2018_04_22_18_34_28_406.jpg,0.138509,1,0,30.17277
C:\Users\Marwan\Downloads\behave\data_bridge\IMG\center_2018_04_22_18_34_28_494.jpg,C:\Users\Marwan\Downloads\behave\data_bridge\IMG\left_2018_04_22_18_34_28_494.jpg,C:\Users\Marwan\Downloads\behave\data_bridge\IMG\right_2018_04_22_18_34_28_494.jpg,0.338509,1,0,30.15373
C:\Users\Marwan\Downloads\behave\data_bridge\IMG\center_2018_04_22_18_34_28_582.jpg,C:\Users\Marwan\Downloads\behave\data_bridge\IMG\left_2018_04_22_18_34_28_582.jpg,C:\Users\Marwan\Downloads\behave\data_bridge\IMG\right_2018_04_22_18_34_28_582.jpg,0.588509,1,0,30.12746
C:\Users\Marwan\Downloads\behave\data_bridge\IMG\center_2018_04_22_18_34_28_669.jpg,C:\Users\Marwan\Downloads\behave\data_bridge\IMG\left_2018_04_22_18_34_28_669.jpg,C:\Users\Marwan\Downloads\behave\data_bridge\IMG\right_2018_04_22_18_34_28_669.jpg,0.7885091,1,0,30.10793
C:\Users\Marwan\Downloads\behave\data_bridge\IMG\center_2018_04_22_18_34_28_759.jpg,C:\Users\Marwan\Downloads\behave\data_bridge\IMG\left_2018_04_22_18_34_28_759.jpg,C:\Users\Marwan\Downloads\behave\data_bridge\IMG\right_2018_04_22_18_34_28_759.jpg,1,1,0,30.09116
C:\Users\Marwan\Downloads\behave\data_bridge\IMG\center_2018_04_22_18_34_28_847.jpg,C:\Users\Marwan\Downloads\behave\data_bridge\IMG\left_2018_04_22_18_34_28_847.jpg,C:\Users\Marwan\Downloads\behave\data_bridge\IMG\right_2018_04_22_18_34_28_847.jpg,0.7335029,1,0,30.1708
C:\Users\Marwan\Downloads\behave\data_bridge\IMG\center_2018_04_22_18_34_28_936.jpg,C:\Users\Marwan\Downloads\behave\data_bridge\IMG\left_2018_04_22_18_34_28_936.jpg,C:\Users\Marwan\Downloads\behave\data_bridge\IMG\right_2018_04_22_18_34_28_936.jpg,0.5374751,1,0,30.20012
C:\Users\Marwan\Downloads\behave\data_bridge\IMG\center_2018_04_22_18_34_29_026.jpg,C:\Users\Marwan\Downloads\behave\data_bridge\IMG\left_2018_04_22_18_34_29_026.jpg,C:\Users\Marwan\Downloads\behave\data_bridge\IMG\right_2018_04_22_18_34_29_026.jpg,0.287475,1,0,30.2019
C:\Users\Marwan\Downloads\behave\data_bridge\IMG\center_2018_04_22_18_34_29_111.jpg,C:\Users\Marwan\Downloads\behave\data_bridge\IMG\left_2018_04_22_18_34_29_111.jpg,C:\Users\Marwan\Downloads\behave\data_bridge\IMG\right_2018_04_22_18_34_29_111.jpg,0.08747506,1,0,30.19059
C:\Users\Marwan\Downloads\behave\data_bridge\IMG\center_2018_04_22_18_34_29_197.jpg,C:\Users\Marwan\Downloads\behave\data_bridge\IMG\left_2018_04_22_18_34_29_197.jpg,C:\Users\Marwan\Downloads\behave\data_bridge\IMG\right_2018_04_22_18_34_29_197.jpg,-0.1125249,1,0,30.17426
C:\Users\Marwan\Downloads\behave\data_bridge\IMG\center_2018_04_22_18_34_29_282.jpg,C:\Users\Marwan\Downloads\behave\data_bridge\IMG\left_2018_04_22_18_34_29_282.jpg,C:\Users\Marwan\Downloads\behave\data_bridge\IMG\right_2018_04_22_18_34_29_282.jpg,-0.362525,1,0,30.15043
C:\Users\Marwan\Downloads\behave\data_bridge\IMG\center_2018_04_22_18_34_29_366.jpg,C:\Users\Marwan\Downloads\behave\data_bridge\IMG\left_2018_04_22_18_34_29_366.jpg,C:\Users\Marwan\Downloads\behave\data_bridge\IMG\right_2018_04_22_18_34_29_366.jpg,-0.9100311,1,0,30.0673
C:\Users\Marwan\Downloads\behave\data_bridge\IMG\center_2018_04_22_18_34_29_454.jpg,C:\Users\Marwan\Downloads\behave\data_bridge\IMG\left_2018_04_22_18_34_29_454.jpg,C:\Users\Marwan\Downloads\behave\data_bridge\IMG\right_2018_04_22_18_34_29_454.jpg,-0.6462702,1,0,30.13596
C:\Users\Marwan\Downloads\behave\data_bridge\IMG\center_2018_04_22_18_34_29_536.jpg,C:\Users\Marwan\Downloads\behave\data_bridge\IMG\left_2018_04_22_18_34_29_536.jpg,C:\Users\Marwan\Downloads\behave\data_bridge\IMG\right_2018_04_22_18_34_29_536.jpg,-0.3980882,1,0,30.19123
C:\Users\Marwan\Downloads\behave\data_bridge\IMG\center_2018_04_22_18_34_29_624.jpg,C:\Users\Marwan\Downloads\behave\data_bridge\IMG\left_2018_04_22_18_34_29_624.jpg,C:\Users\Marwan\Downloads\behave\data_bridge\IMG\right_2018_04_22_18_34_29_624.jpg,-0.137076,1,0,30.19043
C:\Users\Marwan\Downloads\behave\data_bridge\IMG\center_2018_04_22_18_34_29_712.jpg,C:\Users\Marwan\Downloads\behave\data_bridge\IMG\left_2018_04_22_18_34_29_712.jpg,C:\Users\Marwan\Downloads\behave\data_bridge\IMG\right_2018_04_22_18_34_29_712.jpg,-0.05,1,0,30.18815
C:\Users\Marwan\Downloads\behave\data_bridge\IMG\center_2018_04_22_18_34_29_800.jpg,C:\Users\Marwan\Downloads\behave\data_bridge\IMG\left_2018_04_22_18_34_29_800.jpg,C:\Users\Marwan\Downloads\behave\data_bridge\IMG\right_2018_04_22_18_34_29_800.jpg,-0.3,1,0,30.17895
C:\Users\Marwan\Downloads\behave\data_bridge\IMG\center_2018_04_22_18_34_29_888.jpg,C:\Users\Marwan\Downloads\behave\data_bridge\IMG\left_2018_04_22_18_34_29_888.jpg,C:\Users\Marwan\Downloads\behave\data_bridge\IMG\right_2018_04_22_18_34_29_888.jpg,-0.4461955,1,0,30.16222
C:\Users\Marwan\Downloads\behave\data_bridge\IMG\center_2018_04_22_18_34_29_977.jpg,C:\Users\Marwan\Downloads\behave\data_bridge\IMG\left_2018_04_22_18_34_29_977.jpg,C:\Users\Marwan\Downloads\behave\data_bridge\IMG\right_2018_04_22_18_34_29_977.jpg,-0.1766445,1,0,30.19407
C:\Users\Marwan\Downloads\behave\data_bridge\IMG\center_2018_04_22_18_34_30_069.jpg,C:\Users\Marwan\Downloads\behave\data_bridge\IMG\left_2018_04_22_18_34_30_069.jpg,C:\Users\Marwan\Downloads\behave\data_bridge\IMG\right_2018_04_22_18_34_30_069.jpg,0,0.8277671,0,30.16976
C:\Users\Marwan\Downloads\behave\data_bridge\IMG\center_2018_04_22_18_34_30_153.jpg,C:\Users\Marwan\Downloads\behave\data_bridge\IMG\left_2018_04_22_18_34_30_153.jpg,C:\Users\Marwan\Downloads\behave\data_bridge\IMG\right_2018_04_22_18_34_30_153.jpg,0,0.5740902,0,30.10389
C:\Users\Marwan\Downloads\behave\data_bridge\IMG\center_2018_04_22_18_34_30_245.jpg,C:\Users\Marwan\Downloads\behave\data_bridge\IMG\left_2018_04_22_18_34_30_245.jpg,C:\Users\Marwan\Downloads\behave\data_bridge\IMG\right_2018_04_22_18_34_30_245.jpg,0,0.297772,0,30.00778
C:\Users\Marwan\Downloads\behave\data_bridge\IMG\center_2018_04_22_18_34_30_338.jpg,C:\Users\Marwan\Downloads\behave\data_bridge\IMG\left_2018_04_22_18_34_30_338.jpg,C:\Users\Marwan\Downloads\behave\data_bridge\IMG\right_2018_04_22_18_34_30_338.jpg,0,0.02087729,0,29.86749
C:\Users\Marwan\Downloads\behave\data_bridge\IMG\center_2018_04_22_18_34_30_429.jpg,C:\Users\Marwan\Downloads\behave\data_bridge\IMG\left_2018_04_22_18_34_30_429.jpg,C:\Users\Marwan\Downloads\behave\data_bridge\IMG\right_2018_04_22_18_34_30_429.jpg,0,0,0,29.63037
C:\Users\Marwan\Downloads\behave\data_bridge\IMG\center_2018_04_22_18_34_30_525.jpg,C:\Users\Marwan\Downloads\behave\data_bridge\IMG\left_2018_04_22_18_34_30_525.jpg,C:\Users\Marwan\Downloads\behave\data_bridge\IMG\right_2018_04_22_18_34_30_525.jpg,0,0,0,29.3311
C:\Users\Marwan\Downloads\behave\data_bridge\IMG\center_2018_04_22_18_34_30_801.jpg,C:\Users\Marwan\Downloads\behave\data_bridge\IMG\left_2018_04_22_18_34_30_801.jpg,C:\Users\Marwan\Downloads\behave\data_bridge\IMG\right_2018_04_22_18_34_30_801.jpg,0,0,0,29.09377
C:\Users\Marwan\Downloads\behave\data_bridge\IMG\center_2018_04_22_18_35_58_174.jpg,C:\Users\Marwan\Downloads\behave\data_bridge\IMG\left_2018_04_22_18_35_58_174.jpg,C:\Users\Marwan\Downloads\behave\data_bridge\IMG\right_2018_04_22_18_35_58_174.jpg,0,1,0,11.31889
C:\Users\Marwan\Downloads\behave\data_bridge\IMG\center_2018_04_22_18_35_58_254.jpg,C:\Users\Marwan\Downloads\behave\data_bridge\IMG\left_2018_04_22_18_35_58_254.jpg,C:\Users\Marwan\Downloads\behave\data_bridge\IMG\right_2018_04_22_18_35_58_254.jpg,0,1,0,11.9447
C:\Users\Marwan\Downloads\behave\data_bridge\IMG\center_2018_04_22_18_35_58_331.jpg,C:\Users\Marwan\Downloads\behave\data_bridge\IMG\left_2018_04_22_18_35_58_331.jpg,C:\Users\Marwan\Downloads\behave\data_bridge\IMG\right_2018_04_22_18_35_58_331.jpg,0,1,0,13.08451
C:\Users\Marwan\Downloads\behave\data_bridge\IMG\center_2018_04_22_18_35_58_409.jpg,C:\Users\Marwan\Downloads\behave\data_bridge\IMG\left_2018_04_22_18_35_58_409.jpg,C:\Users\Marwan\Downloads\behave\data_bridge\IMG\right_2018_04_22_18_35_58_409.jpg,0,1,0,13.89465
C:\Users\Marwan\Downloads\behave\data_bridge\IMG\center_2018_04_22_18_35_58_486.jpg,C:\Users\Marwan\Downloads\behave\data_bridge\IMG\left_2018_04_22_18_35_58_486.jpg,C:\Users\Marwan\Downloads\behave\data_bridge\IMG\right_2018_04_22_18_35_58_486.jpg,0.15,1,0,14.69455
C:\Users\Marwan\Downloads\behave\data_bridge\IMG\center_2018_04_22_18_35_58_564.jpg,C:\Users\Marwan\Downloads\behave\data_bridge\IMG\left_2018_04_22_18_35_58_564.jpg,C:\Users\Marwan\Downloads\behave\data_bridge\IMG\right_2018_04_22_18_35_58_564.jpg,0.35,1,0,15.52504
C:\Users\Marwan\Downloads\behave\data_bridge\IMG\center_2018_04_22_18_35_58_641.jpg,C:\Users\Marwan\Downloads\behave\data_bridge\IMG\left_2018_04_22_18_35_58_641.jpg,C:\Users\Marwan\Downloads\behave\data_bridge\IMG\right_2018_04_22_18_35_58_641.jpg,0.5500001,1,0,16.28041
C:\Users\Marwan\Downloads\behave\data_bridge\IMG\center_2018_04_22_18_35_58_720.jpg,C:\Users\Marwan\Downloads\behave\data_bridge\IMG\left_2018_04_22_18_35_58_720.jpg,C:\Users\Marwan\Downloads\behave\data_bridge\IMG\right_2018_04_22_18_35_58_720.jpg,0.6701856,1,0,17.01276
C:\Users\Marwan\Downloads\behave\data_bridge\IMG\center_2018_04_22_18_35_58_791.jpg,C:\Users\Marwan\Downloads\behave\data_bridge\IMG\left_2018_04_22_18_35_58_791.jpg,C:\Users\Marwan\Downloads\behave\data_bridge\IMG\right_2018_04_22_18_35_58_791.jpg,0.4568926,1,0,17.68825
C:\Users\Marwan\Downloads\behave\data_bridge\IMG\center_2018_04_22_18_35_58_868.jpg,C:\Users\Marwan\Downloads\behave\data_bridge\IMG\left_2018_04_22_18_35_58_868.jpg,C:\Users\Marwan\Downloads\behave\data_bridge\IMG\right_2018_04_22_18_35_58_868.jpg,0.2246898,1,0,18.54061
C:\Users\Marwan\Downloads\behave\data_bridge\IMG\center_2018_04_22_18_35_58_942.jpg,C:\Users\Marwan\Downloads\behave\data_bridge\IMG\left_2018_04_22_18_35_58_942.jpg,C:\Users\Marwan\Downloads\behave\data_bridge\IMG\right_2018_04_22_18_35_58_942.jpg,0.002731988,1,0,19.3401
C:\Users\Marwan\Downloads\behave\data_bridge\IMG\center_2018_04_22_18_35_59_019.jpg,C:\Users\Marwan\Downloads\behave\data_bridge\IMG\left_2018_04_22_18_35_59_019.jpg,C:\Users\Marwan\Downloads\behave\data_bridge\IMG\right_2018_04_22_18_35_59_019.jpg,-0.15,1,0,19.78589
C:\Users\Marwan\Downloads\behave\data_bridge\IMG\center_2018_04_22_18_35_59_091.jpg,C:\Users\Marwan\Downloads\behave\data_bridge\IMG\left_2018_04_22_18_35_59_091.jpg,C:\Users\Marwan\Downloads\behave\data_bridge\IMG\right_2018_04_22_18_35_59_091.jpg,-0.3,1,0,20.06924
C:\Users\Marwan\Downloads\behave\data_bridge\IMG\center_2018_04_22_18_35_59_172.jpg,C:\Users\Marwan\Downloads\behave\data_bridge\IMG\left_2018_04_22_18_35_59_172.jpg,C:\Users\Marwan\Downloads\behave\data_bridge\IMG\right_2018_04_22_18_35_59_172.jpg,-0.5000001,1,0,21.13524
C:\Users\Marwan\Downloads\behave\data_bridge\IMG\center_2018_04_22_18_35_59_242.jpg,C:\Users\Marwan\Downloads\behave\data_bridge\IMG\left_2018_04_22_18_35_59_242.jpg,C:\Users\Marwan\Downloads\behave\data_bridge\IMG\right_2018_04_22_18_35_59_242.jpg,-0.7,1,0,21.70794
C:\Users\Marwan\Downloads\behave\data_bridge\IMG\center_2018_04_22_18_35_59_319.jpg,C:\Users\Marwan\Downloads\behave\data_bridge\IMG\left_2018_04_22_18_35_59_319.jpg,C:\Users\Marwan\Downloads\behave\data_bridge\IMG\right_2018_04_22_18_35_59_319.jpg,-0.585104,1,0,22.14556
C:\Users\Marwan\Downloads\behave\data_bridge\IMG\center_2018_04_22_18_35_59_391.jpg,C:\Users\Marwan\Downloads\behave\data_bridge\IMG\left_2018_04_22_18_35_59_391.jpg,C:\Users\Marwan\Downloads\behave\data_bridge\IMG\right_2018_04_22_18_35_59_391.jpg,-0.3623135,1,0,22.48346
C:\Users\Marwan\Downloads\behave\data_bridge\IMG\center_2018_04_22_18_35_59_473.jpg,C:\Users\Marwan\Downloads\behave\data_bridge\IMG\left_2018_04_22_18_35_59_473.jpg,C:\Users\Marwan\Downloads\behave\data_bridge\IMG\right_2018_04_22_18_35_59_473.jpg,-0.121317,1,0,24.09602
C:\Users\Marwan\Downloads\behave\data_bridge\IMG\center_2018_04_22_18_35_59_544.jpg,C:\Users\Marwan\Downloads\behave\data_bridge\IMG\left_2018_04_22_18_35_59_544.jpg,C:\Users\Marwan\Downloads\behave\data_bridge\IMG\right_2018_04_22_18_35_59_544.jpg,0,1,0,24.61902
C:\Users\Marwan\Downloads\behave\data_bridge\IMG\center_2018_04_22_18_35_59_625.jpg,C:\Users\Marwan\Downloads\behave\data_bridge\IMG\left_2018_04_22_18_35_59_625.jpg,C:\Users\Marwan\Downloads\behave\data_bridge\IMG\right_2018_04_22_18_35_59_625.jpg,0.2,1,0,25.3266
C:\Users\Marwan\Downloads\behave\data_bridge\IMG\center_2018_04_22_18_35_59_700.jpg,C:\Users\Marwan\Downloads\behave\data_bridge\IMG\left_2018_04_22_18_35_59_700.jpg,C:\Users\Marwan\Downloads\behave\data_bridge\IMG\right_2018_04_22_18_35_59_700.jpg,0.4,1,0,25.97297
C:\Users\Marwan\Downloads\behave\data_bridge\IMG\center_2018_04_22_18_35_59_779.jpg,C:\Users\Marwan\Downloads\behave\data_bridge\IMG\left_2018_04_22_18_35_59_779.jpg,C:\Users\Marwan\Downloads\behave\data_bridge\IMG\right_2018_04_22_18_35_59_779.jpg,0.6000001,1,0,26.54497
C:\Users\Marwan\Downloads\behave\data_bridge\IMG\center_2018_04_22_18_35_59_854.jpg,C:\Users\Marwan\Downloads\behave\data_bridge\IMG\left_2018_04_22_18_35_59_854.jpg,C:\Users\Marwan\Downloads\behave\data_bridge\IMG\right_2018_04_22_18_35_59_854.jpg,0.7500002,1,0,26.91907
C:\Users\Marwan\Downloads\behave\data_bridge\IMG\center_2018_04_22_18_35_59_931.jpg,C:\Users\Marwan\Downloads\behave\data_bridge\IMG\left_2018_04_22_18_35_59_931.jpg,C:\Users\Marwan\Downloads\behave\data_bridge\IMG\right_2018_04_22_18_35_59_931.jpg,0.9225687,1,0,27.35345
C:\Users\Marwan\Downloads\behave\data_bridge\IMG\center_2018_04_22_18_36_00_009.jpg,C:\Users\Marwan\Downloads\behave\data_bridge\IMG\left_2018_04_22_18_36_00_009.jpg,C:\Users\Marwan\Downloads\behave\data_bridge\IMG\right_2018_04_22_18_36_00_009.jpg,0.6889803,1,0,27.95752
C:\Users\Marwan\Downloads\behave\data_bridge\IMG\center_2018_04_22_18_36_00_092.jpg,C:\Users\Marwan\Downloads\behave\data_bridge\IMG\left_2018_04_22_18_36_00_092.jpg,C:\Users\Marwan\Downloads\behave\data_bridge\IMG\right_2018_04_22_18_36_00_092.jpg,0.4397696,1,0,28.72706
C:\Users\Marwan\Downloads\behave\data_bridge\IMG\center_2018_04_22_18_36_00_184.jpg,C:\Users\Marwan\Downloads\behave\data_bridge\IMG\left_2018_04_22_18_36_00_184.jpg,C:\Users\Marwan\Downloads\behave\data_bridge\IMG\right_2018_04_22_18_36_00_184.jpg,0.1570878,1,0,29.68243
C:\Users\Marwan\Downloads\behave\data_bridge\IMG\center_2018_04_22_18_36_00_257.jpg,C:\Users\Marwan\Downloads\behave\data_bridge\IMG\left_2018_04_22_18_36_00_257.jpg,C:\Users\Marwan\Downloads\behave\data_bridge\IMG\right_2018_04_22_18_36_00_257.jpg,0.007087804,1,0,30.17707
C:\Users\Marwan\Downloads\behave\data_bridge\IMG\center_2018_04_22_18_36_00_335.jpg,C:\Users\Marwan\Downloads\behave\data_bridge\IMG\left_2018_04_22_18_36_00_335.jpg,C:\Users\Marwan\Downloads\behave\data_bridge\IMG\right_2018_04_22_18_36_00_335.jpg,-0.1929122,1,0,30.16564
C:\Users\Marwan\Downloads\behave\data_bridge\IMG\center_2018_04_22_18_36_00_407.jpg,C:\Users\Marwan\Downloads\behave\data_bridge\IMG\left_2018_04_22_18_36_00_407.jpg,C:\Users\Marwan\Downloads\behave\data_bridge\IMG\right_2018_04_22_18_36_00_407.jpg,-0.3929122,1,0,30.14658
C:\Users\Marwan\Downloads\behave\data_bridge\IMG\center_2018_04_22_18_36_00_485.jpg,C:\Users\Marwan\Downloads\behave\data_bridge\IMG\left_2018_04_22_18_36_00_485.jpg,C:\Users\Marwan\Downloads\behave\data_bridge\IMG\right_2018_04_22_18_36_00_485.jpg,-0.5929123,1,0,30.12597
C:\Users\Marwan\Downloads\behave\data_bridge\IMG\center_2018_04_22_18_36_00_564.jpg,C:\Users\Marwan\Downloads\behave\data_bridge\IMG\left_2018_04_22_18_36_00_564.jpg,C:\Users\Marwan\Downloads\behave\data_bridge\IMG\right_2018_04_22_18_36_00_564.jpg,-0.7929123,1,0,30.10728
C:\Users\Marwan\Downloads\behave\data_bridge\IMG\center_2018_04_22_18_36_00_639.jpg,C:\Users\Marwan\Downloads\behave\data_bridge\IMG\left_2018_04_22_18_36_00_639.jpg,C:\Users\Marwan\Downloads\behave\data_bridge\IMG\right_2018_04_22_18_36_00_639.jpg,-0.9080143,1,0,30.10388
C:\Users\Marwan\Downloads\behave\data_bridge\IMG\center_2018_04_22_18_36_00_708.jpg,C:\Users\Marwan\Downloads\behave\data_bridge\IMG\left_2018_04_22_18_36_00_708.jpg,C:\Users\Marwan\Downloads\behave\data_bridge\IMG\right_2018_04_22_18_36_00_708.jpg,-0.6984891,1,0,30.17149
C:\Users\Marwan\Downloads\behave\data_bridge\IMG\center_2018_04_22_18_36_00_793.jpg,C:\Users\Marwan\Downloads\behave\data_bridge\IMG\left_2018_04_22_18_36_00_793.jpg,C:\Users\Marwan\Downloads\behave\data_bridge\IMG\right_2018_04_22_18_36_00_793.jpg,-0.4438969,1,0,30.20257
C:\Users\Marwan\Downloads\behave\data_bridge\IMG\center_2018_04_22_18_36_00_866.jpg,C:\Users\Marwan\Downloads\behave\data_bridge\IMG\left_2018_04_22_18_36_00_866.jpg,C:\Users\Marwan\Downloads\behave\data_bridge\IMG\right_2018_04_22_18_36_00_866.jpg,-0.2246194,1,0,30.20061
C:\Users\Marwan\Downloads\behave\data_bridge\IMG\center_2018_04_22_18_36_00_944.jpg,C:\Users\Marwan\Downloads\behave\data_bridge\IMG\left_2018_04_22_18_36_00_944.jpg,C:\Users\Marwan\Downloads\behave\data_bridge\IMG\right_2018_04_22_18_36_00_944.jpg,0,1,0,30.18086
C:\Users\Marwan\Downloads\behave\data_bridge\IMG\center_2018_04_22_18_36_01_023.jpg,C:\Users\Marwan\Downloads\behave\data_bridge\IMG\left_2018_04_22_18_36_01_023.jpg,C:\Users\Marwan\Downloads\behave\data_bridge\IMG\right_2018_04_22_18_36_01_023.jpg,0,1,0,30.18876
C:\Users\Marwan\Downloads\behave\data_bridge\IMG\center_2018_04_22_18_36_01_104.jpg,C:\Users\Marwan\Downloads\behave\data_bridge\IMG\left_2018_04_22_18_36_01_104.jpg,C:\Users\Marwan\Downloads\behave\data_bridge\IMG\right_2018_04_22_18_36_01_104.jpg,0,1,0,30.19002
C:\Users\Marwan\Downloads\behave\data_bridge\IMG\center_2018_04_22_18_36_01_182.jpg,C:\Users\Marwan\Downloads\behave\data_bridge\IMG\left_2018_04_22_18_36_01_182.jpg,C:\Users\Marwan\Downloads\behave\data_bridge\IMG\right_2018_04_22_18_36_01_182.jpg,0,1,0,30.19012
C:\Users\Marwan\Downloads\behave\data_bridge\IMG\center_2018_04_22_18_36_01_264.jpg,C:\Users\Marwan\Downloads\behave\data_bridge\IMG\left_2018_04_22_18_36_01_264.jpg,C:\Users\Marwan\Downloads\behave\data_bridge\IMG\right_2018_04_22_18_36_01_264.jpg,0.2,1,0,30.17824
C:\Users\Marwan\Downloads\behave\data_bridge\IMG\center_2018_04_22_18_36_01_346.jpg,C:\Users\Marwan\Downloads\behave\data_bridge\IMG\left_2018_04_22_18_36_01_346.jpg,C:\Users\Marwan\Downloads\behave\data_bridge\IMG\right_2018_04_22_18_36_01_346.jpg,0.4,1,0,30.15621
C:\Users\Marwan\Downloads\behave\data_bridge\IMG\center_2018_04_22_18_36_01_426.jpg,C:\Users\Marwan\Downloads\behave\data_bridge\IMG\left_2018_04_22_18_36_01_426.jpg,C:\Users\Marwan\Downloads\behave\data_bridge\IMG\right_2018_04_22_18_36_01_426.jpg,0.4129272,1,0,30.1686
C:\Users\Marwan\Downloads\behave\data_bridge\IMG\center_2018_04_22_18_36_01_504.jpg,C:\Users\Marwan\Downloads\behave\data_bridge\IMG\left_2018_04_22_18_36_01_504.jpg,C:\Users\Marwan\Downloads\behave\data_bridge\IMG\right_2018_04_22_18_36_01_504.jpg,0.1758019,1,0,30.19242
C:\Users\Marwan\Downloads\behave\data_bridge\IMG\center_2018_04_22_18_36_01_588.jpg,C:\Users\Marwan\Downloads\behave\data_bridge\IMG\left_2018_04_22_18_36_01_588.jpg,C:\Users\Marwan\Downloads\behave\data_bridge\IMG\right_2018_04_22_18_36_01_588.jpg,0,1,0,30.18708
C:\Users\Marwan\Downloads\behave\data_bridge\IMG\center_2018_04_22_18_36_01_666.jpg,C:\Users\Marwan\Downloads\behave\data_bridge\IMG\left_2018_04_22_18_36_01_666.jpg,C:\Users\Marwan\Downloads\behave\data_bridge\IMG\right_2018_04_22_18_36_01_666.jpg,0,1,0,30.18922
C:\Users\Marwan\Downloads\behave\data_bridge\IMG\center_2018_04_22_18_36_01_748.jpg,C:\Users\Marwan\Downloads\behave\data_bridge\IMG\left_2018_04_22_18_36_01_748.jpg,C:\Users\Marwan\Downloads\behave\data_bridge\IMG\right_2018_04_22_18_36_01_748.jpg,-0.05,1,0,30.18852
C:\Users\Marwan\Downloads\behave\data_bridge\IMG\center_2018_04_22_18_36_01_828.jpg,C:\Users\Marwan\Downloads\behave\data_bridge\IMG\left_2018_04_22_18_36_01_828.jpg,C:\Users\Marwan\Downloads\behave\data_bridge\IMG\right_2018_04_22_18_36_01_828.jpg,-0.25,1,0,30.172
C:\Users\Marwan\Downloads\behave\data_bridge\IMG\center_2018_04_22_18_36_01_906.jpg,C:\Users\Marwan\Downloads\behave\data_bridge\IMG\left_2018_04_22_18_36_01_906.jpg,C:\Users\Marwan\Downloads\behave\data_bridge\IMG\right_2018_04_22_18_36_01_906.jpg,-0.45,1,0,30.14954
C:\Users\Marwan\Downloads\behave\data_bridge\IMG\center_2018_04_22_18_36_01_987.jpg,C:\Users\Marwan\Downloads\behave\data_bridge\IMG\left_2018_04_22_18_36_01_987.jpg,C:\Users\Marwan\Downloads\behave\data_bridge\IMG\right_2018_04_22_18_36_01_987.jpg,-0.6500001,1,0,30.12596
C:\Users\Marwan\Downloads\behave\data_bridge\IMG\center_2018_04_22_18_36_02_068.jpg,C:\Users\Marwan\Downloads\behave\data_bridge\IMG\left_2018_04_22_18_36_02_068.jpg,C:\Users\Marwan\Downloads\behave\data_bridge\IMG\right_2018_04_22_18_36_02_068.jpg,-0.8766934,1,0,30.10013
C:\Users\Marwan\Downloads\behave\data_bridge\IMG\center_2018_04_22_18_36_02_148.jpg,C:\Users\Marwan\Downloads\behave\data_bridge\IMG\left_2018_04_22_18_36_02_148.jpg,C:\Users\Marwan\Downloads\behave\data_bridge\IMG\right_2018_04_22_18_36_02_148.jpg,-0.6380774,1,0,30.17314
C:\Users\Marwan\Downloads\behave\data_bridge\IMG\center_2018_04_22_18_36_02_228.jpg,C:\Users\Marwan\Downloads\behave\data_bridge\IMG\left_2018_04_22_18_36_02_228.jpg,C:\Users\Marwan\Downloads\behave\data_bridge\IMG\right_2018_04_22_18_36_02_228.jpg,-0.3972433,1,0,30.20138
C:\Users\Marwan\Downloads\behave\data_bridge\IMG\center_2018_04_22_18_36_02_310.jpg,C:\Users\Marwan\Downloads\behave\data_bridge\IMG\left_2018_04_22_18_36_02_310.jpg,C:\Users\Marwan\Downloads\behave\data_bridge\IMG\right_2018_04_22_18_36_02_310.jpg,-0.1681269,1,0,30.19622
C:\Users\Marwan\Downloads\behave\data_bridge\IMG\center_2018_04_22_18_36_02_390.jpg,C:\Users\Marwan\Downloads\behave\data_bridge\IMG\left_2018_04_22_18_36_02_390.jpg,C:\Users\Marwan\Downloads\behave\data_bridge\IMG\right_2018_04_22_18_36_02_390.jpg,0.03187311,1,0,30.18221
C:\Users\Marwan\Downloads\behave\data_bridge\IMG\center_2018_04_22_18_36_02_473.jpg,C:\Users\Marwan\Downloads\behave\data_bridge\IMG\left_2018_04_22_18_36_02_473.jpg,C:\Users\Marwan\Downloads\behave\data_bridge\IMG\right_2018_04_22_18_36_02_473.jpg,0.2318731,1,0,30.16431
C:\Users\Marwan\Downloads\behave\data_bridge\IMG\center_2018_04_22_18_36_02_552.jpg,C:\Users\Marwan\Downloads\behave\data_bridge\IMG\left_2018_04_22_18_36_02_552.jpg,C:\Users\Marwan\Downloads\behave\data_bridge\IMG\right_2018_04_22_18_36_02_552.jpg,0.4318731,1,0,30.14436
C:\Users\Marwan\Downloads\behave\data_bridge\IMG\center_2018_04_22_18_36_02_632.jpg,C:\Users\Marwan\Downloads\behave\data_bridge\IMG\left_2018_04_22_18_36_02_632.jpg,C:\Users\Marwan\Downloads\behave\data_bridge\IMG\right_2018_04_22_18_36_02_632.jpg,0.6318732,1,0,30.12262
C:\Users\Marwan\Downloads\behave\data_bridge\IMG\center_2018_04_22_18_36_02_716.jpg,C:\Users\Marwan\Downloads\behave\data_bridge\IMG\left_2018_04_22_18_36_02_716.jpg,C:\Users\Marwan\Downloads\behave\data_bridge\IMG\right_2018_04_22_18_36_02_716.jpg,0.8318732,1,0,30.10469
C:\Users\Marwan\Downloads\behave\data_bridge\IMG\center_2018_04_22_18_36_02_795.jpg,C:\Users\Marwan\Downloads\behave\data_bridge\IMG\left_2018_04_22_18_36_02_795.jpg,C:\Users\Marwan\Downloads\behave\data_bridge\IMG\right_2018_04_22_18_36_02_795.jpg,1,1,0,30.09127
C:\Users\Marwan\Downloads\behave\data_bridge\IMG\center_2018_04_22_18_36_02_874.jpg,C:\Users\Marwan\Downloads\behave\data_bridge\IMG\left_2018_04_22_18_36_02_874.jpg,C:\Users\Marwan\Downloads\behave\data_bridge\IMG\right_2018_04_22_18_36_02_874.jpg,0.7635914,1,0,30.16835
C:\Users\Marwan\Downloads\behave\data_bridge\IMG\center_2018_04_22_18_36_02_954.jpg,C:\Users\Marwan\Downloads\behave\data_bridge\IMG\left_2018_04_22_18_36_02_954.jpg,C:\Users\Marwan\Downloads\behave\data_bridge\IMG\right_2018_04_22_18_36_02_954.jpg,0.5237258,1,0,30.20358
C:\Users\Marwan\Downloads\behave\data_bridge\IMG\center_2018_04_22_18_36_03_035.jpg,C:\Users\Marwan\Downloads\behave\data_bridge\IMG\left_2018_04_22_18_36_03_035.jpg,C:\Users\Marwan\Downloads\behave\data_bridge\IMG\right_2018_04_22_18_36_03_035.jpg,0.279639,1,0,30.20273
C:\Users\Marwan\Downloads\behave\data_bridge\IMG\center_2018_04_22_18_36_03_117.jpg,C:\Users\Marwan\Downloads\behave\data_bridge\IMG\left_2018_04_22_18_36_03_117.jpg,C:\Users\Marwan\Downloads\behave\data_bridge\IMG\right_2018_04_22_18_36_03_117.jpg,0.03389363,1,0,30.18423
C:\Users\Marwan\Downloads\behave\data_bridge\IMG\center_2018_04_22_18_36_03_195.jpg,C:\Users\Marwan\Downloads\behave\data_bridge\IMG\left_2018_04_22_18_36_03_195.jpg,C:\Users\Marwan\Downloads\behave\data_bridge\IMG\right_2018_04_22_18_36_03_195.jpg,-0.1,1,0,30.17601
C:\Users\Marwan\Downloads\behave\data_bridge\IMG\center_2018_04_22_18_36_03_275.jpg,C:\Users\Marwan\Downloads\behave\data_bridge\IMG\left_2018_04_22_18_36_03_275.jpg,C:\Users\Marwan\Downloads\behave\data_bridge\IMG\right_2018_04_22_18_36_03_275.jpg,-0.3,1,0,30.15753
C:\Users\Marwan\Downloads\behave\data_bridge\IMG\center_2018_04_22_18_36_03_359.jpg,C:\Users\Marwan\Downloads\behave\data_bridge\IMG\left_2018_04_22_18_36_03_359.jpg,C:\Users\Marwan\Downloads\behave\data_bridge\IMG\right_2018_04_22_18_36_03_359.jpg,-0.5500001,1,0,30.13185
C:\Users\Marwan\Downloads\behave\data_bridge\IMG\center_2018_04_22_18_36_03_440.jpg,C:\Users\Marwan\Downloads\behave\data_bridge\IMG\left_2018_04_22_18_36_03_440.jpg,C:\Users\Marwan\Downloads\behave\data_bridge\IMG\right_2018_04_22_18_36_03_440.jpg,-0.7500002,1,0,30.11152
C:\Users\Marwan\Downloads\behave\data_bridge\IMG\center_2018_04_22_18_36_03_523.jpg,C:\Users\Marwan\Downloads\behave\data_bridge\IMG\left_2018_04_22_18_36_03_523.jpg,C:\Users\Marwan\Downloads\behave\data_bridge\IMG\right_2018_04_22_18_36_03_523.jpg,-0.6465071,1,0,30.16234
C:\Users\Marwan\Downloads\behave\data_bridge\IMG\center_2018_04_22_18_36_03_602.jpg,C:\Users\Marwan\Downloads\behave\data_bridge\IMG\left_2018_04_22_18_36_03_602.jpg,C:\Users\Marwan\Downloads\behave\data_bridge\IMG\right_2018_04_22_18_36_03_602.jpg,-0.4096436,1,0,30.19513
C:\Users\Marwan\Downloads\behave\data_bridge\IMG\center_2018_04_22_18_36_03_689.jpg,C:\Users\Marwan\Downloads\behave\data_bridge\IMG\left_2018_04_22_18_36_03_689.jpg,C:\Users\Marwan\Downloads\behave\data_bridge\IMG\right_2018_04_22_18_36_03_689.jpg,-0.1499905,1,0,30.1957
C:\Users\Marwan\Downloads\behave\data_bridge\IMG\center_2018_04_22_18_36_03_771.jpg,C:\Users\Marwan\Downloads\behave\data_bridge\IMG\left_2018_04_22_18_36_03_771.jpg,C:\Users\Marwan\Downloads\behave\data_bridge\IMG\right_2018_04_22_18_36_03_771.jpg,0,1,0,30.18586
C:\Users\Marwan\Downloads\behave\data_bridge\IMG\center_2018_04_22_18_36_03_840.jpg,C:\Users\Marwan\Downloads\behave\data_bridge\IMG\left_2018_04_22_18_36_03_840.jpg,C:\Users\Marwan\Downloads\behave\data_bridge\IMG\right_2018_04_22_18_36_03_840.jpg,0.2,1,0,30.16941
C:\Users\Marwan\Downloads\behave\data_bridge\IMG\center_2018_04_22_18_36_03_936.jpg,C:\Users\Marwan\Downloads\behave\data_bridge\IMG\left_2018_04_22_18_36_03_936.jpg,C:\Users\Marwan\Downloads\behave\data_bridge\IMG\right_2018_04_22_18_36_03_936.jpg,0.4,1,0,30.14915
C:\Users\Marwan\Downloads\behave\data_bridge\IMG\center_2018_04_22_18_36_04_012.jpg,C:\Users\Marwan\Downloads\behave\data_bridge\IMG\left_2018_04_22_18_36_04_012.jpg,C:\Users\Marwan\Downloads\behave\data_bridge\IMG\right_2018_04_22_18_36_04_012.jpg,0.6000001,1,0,30.1274
C:\Users\Marwan\Downloads\behave\data_bridge\IMG\center_2018_04_22_18_36_04_085.jpg,C:\Users\Marwan\Downloads\behave\data_bridge\IMG\left_2018_04_22_18_36_04_085.jpg,C:\Users\Marwan\Downloads\behave\data_bridge\IMG\right_2018_04_22_18_36_04_085.jpg,0.8000001,1,0,30.10728
C:\Users\Marwan\Downloads\behave\data_bridge\IMG\center_2018_04_22_18_36_04_162.jpg,C:\Users\Marwan\Downloads\behave\data_bridge\IMG\left_2018_04_22_18_36_04_162.jpg,C:\Users\Marwan\Downloads\behave\data_bridge\IMG\right_2018_04_22_18_36_04_162.jpg,0.9210292,1,0,30.10253
C:\Users\Marwan\Downloads\behave\data_bridge\IMG\center_2018_04_22_18_36_04_243.jpg,C:\Users\Marwan\Downloads\behave\data_bridge\IMG\left_2018_04_22_18_36_04_243.jpg,C:\Users\Marwan\Downloads\behave\data_bridge\IMG\right_2018_04_22_18_36_04_243.jpg,0.6793553,1,0,30.17705
C:\Users\Marwan\Downloads\behave\data_bridge\IMG\center_2018_04_22_18_36_04_333.jpg,C:\Users\Marwan\Downloads\behave\data_bridge\IMG\left_2018_04_22_18_36_04_333.jpg,C:\Users\Marwan\Downloads\behave\data_bridge\IMG\right_2018_04_22_18_36_04_333.jpg,0.4493867,1,0,30.20179
C:\Users\Marwan\Downloads\behave\data_bridge\IMG\center_2018_04_22_18_36_04_420.jpg,C:\Users\Marwan\Downloads\behave\data_bridge\IMG\left_2018_04_22_18_36_04_420.jpg,C:\Users\Marwan\Downloads\behave\data_bridge\IMG\right_2018_04_22_18_36_04_420.jpg,0.1993866,1,0,30.19748
C:\Users\Marwan\Downloads\behave\data_bridge\IMG\center_2018_04_22_18_36_04_506.jpg,C:\Users\Marwan\Downloads\behave\data_bridge\IMG\left_2018_04_22_18_36_04_506.jpg,C:\Users\Marwan\Downloads\behave\data_bridge\IMG\right_2018_04_22_18_36_04_506.jpg,-0.000613369,1,0,30.18388
C:\Users\Marwan\Downloads\behave\data_bridge\IMG\center_2018_04_22_18_36_04_594.jpg,C:\Users\Marwan\Downloads\behave\data_bridge\IMG\left_2018_04_22_18_36_04_594.jpg,C:\Users\Marwan\Downloads\behave\data_bridge\IMG\right_2018_04_22_18_36_04_594.jpg,-0.2006134,1,0,30.16637
C:\Users\Marwan\Downloads\behave\data_bridge\IMG\center_2018_04_22_18_36_04_675.jpg,C:\Users\Marwan\Downloads\behave\data_bridge\IMG\left_2018_04_22_18_36_04_675.jpg,C:\Users\Marwan\Downloads\behave\data_bridge\IMG\right_2018_04_22_18_36_04_675.jpg,-0.8802146,1,0,30.12163
C:\Users\Marwan\Downloads\behave\data_bridge\IMG\center_2018_04_22_18_36_04_766.jpg,C:\Users\Marwan\Downloads\behave\data_bridge\IMG\left_2018_04_22_18_36_04_766.jpg,C:\Users\Marwan\Downloads\behave\data_bridge\IMG\right_2018_04_22_18_36_04_766.jpg,-0.6089267,1,0,30.1283
C:\Users\Marwan\Downloads\behave\data_bridge\IMG\center_2018_04_22_18_36_04_852.jpg,C:\Users\Marwan\Downloads\behave\data_bridge\IMG\left_2018_04_22_18_36_04_852.jpg,C:\Users\Marwan\Downloads\behave\data_bridge\IMG\right_2018_04_22_18_36_04_852.jpg,-0.8089267,1,0,30.10922
C:\Users\Marwan\Downloads\behave\data_bridge\IMG\center_2018_04_22_18_36_04_936.jpg,C:\Users\Marwan\Downloads\behave\data_bridge\IMG\left_2018_04_22_18_36_04_936.jpg,C:\Users\Marwan\Downloads\behave\data_bridge\IMG\right_2018_04_22_18_36_04_936.jpg,-1,1,0,30.09345
C:\Users\Marwan\Downloads\behave\data_bridge\IMG\center_2018_04_22_18_36_05_025.jpg,C:\Users\Marwan\Downloads\behave\data_bridge\IMG\left_2018_04_22_18_36_05_025.jpg,C:\Users\Marwan\Downloads\behave\data_bridge\IMG\right_2018_04_22_18_36_05_025.jpg,-1,1,0,30.11876
C:\Users\Marwan\Downloads\behave\data_bridge\IMG\center_2018_04_22_18_36_05_114.jpg,C:\Users\Marwan\Downloads\behave\data_bridge\IMG\left_2018_04_22_18_36_05_114.jpg,C:\Users\Marwan\Downloads\behave\data_bridge\IMG\right_2018_04_22_18_36_05_114.jpg,-0.90705,1,0,30.16025
C:\Users\Marwan\Downloads\behave\data_bridge\IMG\center_2018_04_22_18_36_05_414.jpg,C:\Users\Marwan\Downloads\behave\data_bridge\IMG\left_2018_04_22_18_36_05_414.jpg,C:\Users\Marwan\Downloads\behave\data_bridge\IMG\right_2018_04_22_18_36_05_414.jpg,-0.6400545,0.7330046,0,30.13603
