C:\Users\Marwan\Downloads\behave\data5\IMG\center_2018_02_13_18_36_14_430.jpg,C:\Users\Marwan\Downloads\behave\data5\IMG\left_2018_02_13_18_36_14_430.jpg,C:\Users\Marwan\Downloads\behave\data5\IMG\right_2018_02_13_18_36_14_430.jpg,0,0,0,3.226868E-06
C:\Users\Marwan\Downloads\behave\data5\IMG\center_2018_02_13_18_36_14_532.jpg,C:\Users\Marwan\Downloads\behave\data5\IMG\left_2018_02_13_18_36_14_532.jpg,C:\Users\Marwan\Downloads\behave\data5\IMG\right_2018_02_13_18_36_14_532.jpg,0,0,0,2.409557E-06
C:\Users\Marwan\Downloads\behave\data5\IMG\center_2018_02_13_18_36_14_626.jpg,C:\Users\Marwan\Downloads\behave\data5\IMG\left_2018_02_13_18_36_14_626.jpg,C:\Users\Marwan\Downloads\behave\data5\IMG\right_2018_02_13_18_36_14_626.jpg,0,0,0,9.445726E-06
C:\Users\Marwan\Downloads\behave\data5\IMG\center_2018_02_13_18_36_14_728.jpg,C:\Users\Marwan\Downloads\behave\data5\IMG\left_2018_02_13_18_36_14_728.jpg,C:\Users\Marwan\Downloads\behave\data5\IMG\right_2018_02_13_18_36_14_728.jpg,0,0,0,2.607919E-06
C:\Users\Marwan\Downloads\behave\data5\IMG\center_2018_02_13_18_36_14_824.jpg,C:\Users\Marwan\Downloads\behave\data5\IMG\left_2018_02_13_18_36_14_824.jpg,C:\Users\Marwan\Downloads\behave\data5\IMG\right_2018_02_13_18_36_14_824.jpg,0,0,0,1.121084E-05
C:\Users\Marwan\Downloads\behave\data5\IMG\center_2018_02_13_18_36_14_923.jpg,C:\Users\Marwan\Downloads\behave\data5\IMG\left_2018_02_13_18_36_14_923.jpg,C:\Users\Marwan\Downloads\behave\data5\IMG\right_2018_02_13_18_36_14_923.jpg,0,0,0,3.430512E-06
C:\Users\Marwan\Downloads\behave\data5\IMG\center_2018_02_13_18_36_15_022.jpg,C:\Users\Marwan\Downloads\behave\data5\IMG\left_2018_02_13_18_36_15_022.jpg,C:\Users\Marwan\Downloads\behave\data5\IMG\right_2018_02_13_18_36_15_022.jpg,0,0,0,3.846814E-07
C:\Users\Marwan\Downloads\behave\data5\IMG\center_2018_02_13_18_36_15_118.jpg,C:\Users\Marwan\Downloads\behave\data5\IMG\left_2018_02_13_18_36_15_118.jpg,C:\Users\Marwan\Downloads\behave\data5\IMG\right_2018_02_13_18_36_15_118.jpg,0,0,0,9.376274E-07
C:\Users\Marwan\Downloads\behave\data5\IMG\center_2018_02_13_18_36_15_187.jpg,C:\Users\Marwan\Downloads\behave\data5\IMG\left_2018_02_13_18_36_15_187.jpg,C:\Users\Marwan\Downloads\behave\data5\IMG\right_2018_02_13_18_36_15_187.jpg,0,0,0,4.864977E-06
C:\Users\Marwan\Downloads\behave\data5\IMG\center_2018_02_13_18_36_15_287.jpg,C:\Users\Marwan\Downloads\behave\data5\IMG\left_2018_02_13_18_36_15_287.jpg,C:\Users\Marwan\Downloads\behave\data5\IMG\right_2018_02_13_18_36_15_287.jpg,-0.1,0.2871089,0,0.1799062
C:\Users\Marwan\Downloads\behave\data5\IMG\center_2018_02_13_18_36_15_395.jpg,C:\Users\Marwan\Downloads\behave\data5\IMG\left_2018_02_13_18_36_15_395.jpg,C:\Users\Marwan\Downloads\behave\data5\IMG\right_2018_02_13_18_36_15_395.jpg,-0.35,0,0,0.3325674
C:\Users\Marwan\Downloads\behave\data5\IMG\center_2018_02_13_18_36_15_482.jpg,C:\Users\Marwan\Downloads\behave\data5\IMG\left_2018_02_13_18_36_15_482.jpg,C:\Users\Marwan\Downloads\behave\data5\IMG\right_2018_02_13_18_36_15_482.jpg,-0.6000001,0,0,0.3268488
C:\Users\Marwan\Downloads\behave\data5\IMG\center_2018_02_13_18_36_15_580.jpg,C:\Users\Marwan\Downloads\behave\data5\IMG\left_2018_02_13_18_36_15_580.jpg,C:\Users\Marwan\Downloads\behave\data5\IMG\right_2018_02_13_18_36_15_580.jpg,-0.8500001,0,0,0.3194081
C:\Users\Marwan\Downloads\behave\data5\IMG\center_2018_02_13_18_36_15_646.jpg,C:\Users\Marwan\Downloads\behave\data5\IMG\left_2018_02_13_18_36_15_646.jpg,C:\Users\Marwan\Downloads\behave\data5\IMG\right_2018_02_13_18_36_15_646.jpg,-0.7829101,0,0,0.3167068
C:\Users\Marwan\Downloads\behave\data5\IMG\center_2018_02_13_18_36_15_744.jpg,C:\Users\Marwan\Downloads\behave\data5\IMG\left_2018_02_13_18_36_15_744.jpg,C:\Users\Marwan\Downloads\behave\data5\IMG\right_2018_02_13_18_36_15_744.jpg,-0.6898164,0,0,0.3134358
C:\Users\Marwan\Downloads\behave\data5\IMG\center_2018_02_13_18_36_15_811.jpg,C:\Users\Marwan\Downloads\behave\data5\IMG\left_2018_02_13_18_36_15_811.jpg,C:\Users\Marwan\Downloads\behave\data5\IMG\right_2018_02_13_18_36_15_811.jpg,-0.8398163,0,0,0.3089651
C:\Users\Marwan\Downloads\behave\data5\IMG\center_2018_02_13_18_36_15_916.jpg,C:\Users\Marwan\Downloads\behave\data5\IMG\left_2018_02_13_18_36_15_916.jpg,C:\Users\Marwan\Downloads\behave\data5\IMG\right_2018_02_13_18_36_15_916.jpg,-1,0.2092214,0,0.416135
C:\Users\Marwan\Downloads\behave\data5\IMG\center_2018_02_13_18_36_16_013.jpg,C:\Users\Marwan\Downloads\behave\data5\IMG\left_2018_02_13_18_36_16_013.jpg,C:\Users\Marwan\Downloads\behave\data5\IMG\right_2018_02_13_18_36_16_013.jpg,-0.8882003,0.4975031,0,0.83844
C:\Users\Marwan\Downloads\behave\data5\IMG\center_2018_02_13_18_36_16_109.jpg,C:\Users\Marwan\Downloads\behave\data5\IMG\left_2018_02_13_18_36_16_109.jpg,C:\Users\Marwan\Downloads\behave\data5\IMG\right_2018_02_13_18_36_16_109.jpg,-0.6021187,0.7835847,0,1.646608
C:\Users\Marwan\Downloads\behave\data5\IMG\center_2018_02_13_18_36_16_205.jpg,C:\Users\Marwan\Downloads\behave\data5\IMG\left_2018_02_13_18_36_16_205.jpg,C:\Users\Marwan\Downloads\behave\data5\IMG\right_2018_02_13_18_36_16_205.jpg,-0.3028543,1,0,2.756481
C:\Users\Marwan\Downloads\behave\data5\IMG\center_2018_02_13_18_36_16_301.jpg,C:\Users\Marwan\Downloads\behave\data5\IMG\left_2018_02_13_18_36_16_301.jpg,C:\Users\Marwan\Downloads\behave\data5\IMG\right_2018_02_13_18_36_16_301.jpg,-0.01698549,1,0,3.929449
C:\Users\Marwan\Downloads\behave\data5\IMG\center_2018_02_13_18_36_16_371.jpg,C:\Users\Marwan\Downloads\behave\data5\IMG\left_2018_02_13_18_36_16_371.jpg,C:\Users\Marwan\Downloads\behave\data5\IMG\right_2018_02_13_18_36_16_371.jpg,0,1,0,4.630919
C:\Users\Marwan\Downloads\behave\data5\IMG\center_2018_02_13_18_36_16_466.jpg,C:\Users\Marwan\Downloads\behave\data5\IMG\left_2018_02_13_18_36_16_466.jpg,C:\Users\Marwan\Downloads\behave\data5\IMG\right_2018_02_13_18_36_16_466.jpg,0,1,0,5.79045
C:\Users\Marwan\Downloads\behave\data5\IMG\center_2018_02_13_18_36_16_534.jpg,C:\Users\Marwan\Downloads\behave\data5\IMG\left_2018_02_13_18_36_16_534.jpg,C:\Users\Marwan\Downloads\behave\data5\IMG\right_2018_02_13_18_36_16_534.jpg,-0.1,1,0,6.479009
C:\Users\Marwan\Downloads\behave\data5\IMG\center_2018_02_13_18_36_16_600.jpg,C:\Users\Marwan\Downloads\behave\data5\IMG\left_2018_02_13_18_36_16_600.jpg,C:\Users\Marwan\Downloads\behave\data5\IMG\right_2018_02_13_18_36_16_600.jpg,-0.3,1,0,7.374988
C:\Users\Marwan\Downloads\behave\data5\IMG\center_2018_02_13_18_36_16_668.jpg,C:\Users\Marwan\Downloads\behave\data5\IMG\left_2018_02_13_18_36_16_668.jpg,C:\Users\Marwan\Downloads\behave\data5\IMG\right_2018_02_13_18_36_16_668.jpg,-0.1095534,1,0,8.05589
C:\Users\Marwan\Downloads\behave\data5\IMG\center_2018_02_13_18_36_16_735.jpg,C:\Users\Marwan\Downloads\behave\data5\IMG\left_2018_02_13_18_36_16_735.jpg,C:\Users\Marwan\Downloads\behave\data5\IMG\right_2018_02_13_18_36_16_735.jpg,0,1,0,8.729729
C:\Users\Marwan\Downloads\behave\data5\IMG\center_2018_02_13_18_36_16_832.jpg,C:\Users\Marwan\Downloads\behave\data5\IMG\left_2018_02_13_18_36_16_832.jpg,C:\Users\Marwan\Downloads\behave\data5\IMG\right_2018_02_13_18_36_16_832.jpg,0,1,0,9.848648
C:\Users\Marwan\Downloads\behave\data5\IMG\center_2018_02_13_18_36_16_931.jpg,C:\Users\Marwan\Downloads\behave\data5\IMG\left_2018_02_13_18_36_16_931.jpg,C:\Users\Marwan\Downloads\behave\data5\IMG\right_2018_02_13_18_36_16_931.jpg,-0.1,1,0,10.95531
C:\Users\Marwan\Downloads\behave\data5\IMG\center_2018_02_13_18_36_17_028.jpg,C:\Users\Marwan\Downloads\behave\data5\IMG\left_2018_02_13_18_36_17_028.jpg,C:\Users\Marwan\Downloads\behave\data5\IMG\right_2018_02_13_18_36_17_028.jpg,-0.35,1,0,12.12204
C:\Users\Marwan\Downloads\behave\data5\IMG\center_2018_02_13_18_36_17_133.jpg,C:\Users\Marwan\Downloads\behave\data5\IMG\left_2018_02_13_18_36_17_133.jpg,C:\Users\Marwan\Downloads\behave\data5\IMG\right_2018_02_13_18_36_17_133.jpg,-0.09147194,1,0,12.93288
C:\Users\Marwan\Downloads\behave\data5\IMG\center_2018_02_13_18_36_17_224.jpg,C:\Users\Marwan\Downloads\behave\data5\IMG\left_2018_02_13_18_36_17_224.jpg,C:\Users\Marwan\Downloads\behave\data5\IMG\right_2018_02_13_18_36_17_224.jpg,0,1,0,14.14794
C:\Users\Marwan\Downloads\behave\data5\IMG\center_2018_02_13_18_36_17_320.jpg,C:\Users\Marwan\Downloads\behave\data5\IMG\left_2018_02_13_18_36_17_320.jpg,C:\Users\Marwan\Downloads\behave\data5\IMG\right_2018_02_13_18_36_17_320.jpg,0,1,0,15.26325
C:\Users\Marwan\Downloads\behave\data5\IMG\center_2018_02_13_18_36_17_389.jpg,C:\Users\Marwan\Downloads\behave\data5\IMG\left_2018_02_13_18_36_17_389.jpg,C:\Users\Marwan\Downloads\behave\data5\IMG\right_2018_02_13_18_36_17_389.jpg,-0.15,1,0,15.77609
C:\Users\Marwan\Downloads\behave\data5\IMG\center_2018_02_13_18_36_17_482.jpg,C:\Users\Marwan\Downloads\behave\data5\IMG\left_2018_02_13_18_36_17_482.jpg,C:\Users\Marwan\Downloads\behave\data5\IMG\right_2018_02_13_18_36_17_482.jpg,-0.1140824,1,0,16.95982
C:\Users\Marwan\Downloads\behave\data5\IMG\center_2018_02_13_18_36_17_573.jpg,C:\Users\Marwan\Downloads\behave\data5\IMG\left_2018_02_13_18_36_17_573.jpg,C:\Users\Marwan\Downloads\behave\data5\IMG\right_2018_02_13_18_36_17_573.jpg,0,1,0,17.79602
C:\Users\Marwan\Downloads\behave\data5\IMG\center_2018_02_13_18_36_17_660.jpg,C:\Users\Marwan\Downloads\behave\data5\IMG\left_2018_02_13_18_36_17_660.jpg,C:\Users\Marwan\Downloads\behave\data5\IMG\right_2018_02_13_18_36_17_660.jpg,0,1,0,18.66986
C:\Users\Marwan\Downloads\behave\data5\IMG\center_2018_02_13_18_36_17_754.jpg,C:\Users\Marwan\Downloads\behave\data5\IMG\left_2018_02_13_18_36_17_754.jpg,C:\Users\Marwan\Downloads\behave\data5\IMG\right_2018_02_13_18_36_17_754.jpg,-0.15,1,0,19.49467
C:\Users\Marwan\Downloads\behave\data5\IMG\center_2018_02_13_18_36_17_844.jpg,C:\Users\Marwan\Downloads\behave\data5\IMG\left_2018_02_13_18_36_17_844.jpg,C:\Users\Marwan\Downloads\behave\data5\IMG\right_2018_02_13_18_36_17_844.jpg,-0.08131371,1,0,20.59784
C:\Users\Marwan\Downloads\behave\data5\IMG\center_2018_02_13_18_36_17_937.jpg,C:\Users\Marwan\Downloads\behave\data5\IMG\left_2018_02_13_18_36_17_937.jpg,C:\Users\Marwan\Downloads\behave\data5\IMG\right_2018_02_13_18_36_17_937.jpg,0,1,0,21.3847
C:\Users\Marwan\Downloads\behave\data5\IMG\center_2018_02_13_18_36_18_032.jpg,C:\Users\Marwan\Downloads\behave\data5\IMG\left_2018_02_13_18_36_18_032.jpg,C:\Users\Marwan\Downloads\behave\data5\IMG\right_2018_02_13_18_36_18_032.jpg,-0.1,1,0,22.32695
C:\Users\Marwan\Downloads\behave\data5\IMG\center_2018_02_13_18_36_18_115.jpg,C:\Users\Marwan\Downloads\behave\data5\IMG\left_2018_02_13_18_36_18_115.jpg,C:\Users\Marwan\Downloads\behave\data5\IMG\right_2018_02_13_18_36_18_115.jpg,-0.3,1,0,23.08459
C:\Users\Marwan\Downloads\behave\data5\IMG\center_2018_02_13_18_36_18_206.jpg,C:\Users\Marwan\Downloads\behave\data5\IMG\left_2018_02_13_18_36_18_206.jpg,C:\Users\Marwan\Downloads\behave\data5\IMG\right_2018_02_13_18_36_18_206.jpg,-0.08438021,1,0,24.05477
C:\Users\Marwan\Downloads\behave\data5\IMG\center_2018_02_13_18_36_18_298.jpg,C:\Users\Marwan\Downloads\behave\data5\IMG\left_2018_02_13_18_36_18_298.jpg,C:\Users\Marwan\Downloads\behave\data5\IMG\right_2018_02_13_18_36_18_298.jpg,0,1,0,25.01306
C:\Users\Marwan\Downloads\behave\data5\IMG\center_2018_02_13_18_36_18_389.jpg,C:\Users\Marwan\Downloads\behave\data5\IMG\left_2018_02_13_18_36_18_389.jpg,C:\Users\Marwan\Downloads\behave\data5\IMG\right_2018_02_13_18_36_18_389.jpg,-0.1,1,0,25.77747
C:\Users\Marwan\Downloads\behave\data5\IMG\center_2018_02_13_18_36_18_479.jpg,C:\Users\Marwan\Downloads\behave\data5\IMG\left_2018_02_13_18_36_18_479.jpg,C:\Users\Marwan\Downloads\behave\data5\IMG\right_2018_02_13_18_36_18_479.jpg,-0.35,1,0,26.66487
C:\Users\Marwan\Downloads\behave\data5\IMG\center_2018_02_13_18_36_18_573.jpg,C:\Users\Marwan\Downloads\behave\data5\IMG\left_2018_02_13_18_36_18_573.jpg,C:\Users\Marwan\Downloads\behave\data5\IMG\right_2018_02_13_18_36_18_573.jpg,-0.2592835,1,0,27.35617
C:\Users\Marwan\Downloads\behave\data5\IMG\center_2018_02_13_18_36_18_660.jpg,C:\Users\Marwan\Downloads\behave\data5\IMG\left_2018_02_13_18_36_18_660.jpg,C:\Users\Marwan\Downloads\behave\data5\IMG\right_2018_02_13_18_36_18_660.jpg,0,1,0,28.28639
C:\Users\Marwan\Downloads\behave\data5\IMG\center_2018_02_13_18_36_18_750.jpg,C:\Users\Marwan\Downloads\behave\data5\IMG\left_2018_02_13_18_36_18_750.jpg,C:\Users\Marwan\Downloads\behave\data5\IMG\right_2018_02_13_18_36_18_750.jpg,0,1,0,29.02125
C:\Users\Marwan\Downloads\behave\data5\IMG\center_2018_02_13_18_36_18_843.jpg,C:\Users\Marwan\Downloads\behave\data5\IMG\left_2018_02_13_18_36_18_843.jpg,C:\Users\Marwan\Downloads\behave\data5\IMG\right_2018_02_13_18_36_18_843.jpg,0,1,0,29.93643
C:\Users\Marwan\Downloads\behave\data5\IMG\center_2018_02_13_18_36_18_930.jpg,C:\Users\Marwan\Downloads\behave\data5\IMG\left_2018_02_13_18_36_18_930.jpg,C:\Users\Marwan\Downloads\behave\data5\IMG\right_2018_02_13_18_36_18_930.jpg,-0.2,1,0,30.18213
C:\Users\Marwan\Downloads\behave\data5\IMG\center_2018_02_13_18_36_19_023.jpg,C:\Users\Marwan\Downloads\behave\data5\IMG\left_2018_02_13_18_36_19_023.jpg,C:\Users\Marwan\Downloads\behave\data5\IMG\right_2018_02_13_18_36_19_023.jpg,-0.1742511,1,0,30.18928
C:\Users\Marwan\Downloads\behave\data5\IMG\center_2018_02_13_18_36_19_113.jpg,C:\Users\Marwan\Downloads\behave\data5\IMG\left_2018_02_13_18_36_19_113.jpg,C:\Users\Marwan\Downloads\behave\data5\IMG\right_2018_02_13_18_36_19_113.jpg,-0.2282164,1,0,30.18469
C:\Users\Marwan\Downloads\behave\data5\IMG\center_2018_02_13_18_36_19_208.jpg,C:\Users\Marwan\Downloads\behave\data5\IMG\left_2018_02_13_18_36_19_208.jpg,C:\Users\Marwan\Downloads\behave\data5\IMG\right_2018_02_13_18_36_19_208.jpg,-0.4782164,1,0,30.15452
C:\Users\Marwan\Downloads\behave\data5\IMG\center_2018_02_13_18_36_19_301.jpg,C:\Users\Marwan\Downloads\behave\data5\IMG\left_2018_02_13_18_36_19_301.jpg,C:\Users\Marwan\Downloads\behave\data5\IMG\right_2018_02_13_18_36_19_301.jpg,-0.4366053,1,0,30.18226
C:\Users\Marwan\Downloads\behave\data5\IMG\center_2018_02_13_18_36_19_391.jpg,C:\Users\Marwan\Downloads\behave\data5\IMG\left_2018_02_13_18_36_19_391.jpg,C:\Users\Marwan\Downloads\behave\data5\IMG\right_2018_02_13_18_36_19_391.jpg,-0.1640243,1,0,30.19565
C:\Users\Marwan\Downloads\behave\data5\IMG\center_2018_02_13_18_36_19_484.jpg,C:\Users\Marwan\Downloads\behave\data5\IMG\left_2018_02_13_18_36_19_484.jpg,C:\Users\Marwan\Downloads\behave\data5\IMG\right_2018_02_13_18_36_19_484.jpg,-0.4140243,1,0,30.17646
C:\Users\Marwan\Downloads\behave\data5\IMG\center_2018_02_13_18_36_19_575.jpg,C:\Users\Marwan\Downloads\behave\data5\IMG\left_2018_02_13_18_36_19_575.jpg,C:\Users\Marwan\Downloads\behave\data5\IMG\right_2018_02_13_18_36_19_575.jpg,-0.5270836,1,0,30.16238
C:\Users\Marwan\Downloads\behave\data5\IMG\center_2018_02_13_18_36_19_667.jpg,C:\Users\Marwan\Downloads\behave\data5\IMG\left_2018_02_13_18_36_19_667.jpg,C:\Users\Marwan\Downloads\behave\data5\IMG\right_2018_02_13_18_36_19_667.jpg,-0.2509448,1,0,30.19738
C:\Users\Marwan\Downloads\behave\data5\IMG\center_2018_02_13_18_36_19_758.jpg,C:\Users\Marwan\Downloads\behave\data5\IMG\left_2018_02_13_18_36_19_758.jpg,C:\Users\Marwan\Downloads\behave\data5\IMG\right_2018_02_13_18_36_19_758.jpg,0,0.9030402,0,30.15303
C:\Users\Marwan\Downloads\behave\data5\IMG\center_2018_02_13_18_36_19_848.jpg,C:\Users\Marwan\Downloads\behave\data5\IMG\left_2018_02_13_18_36_19_848.jpg,C:\Users\Marwan\Downloads\behave\data5\IMG\right_2018_02_13_18_36_19_848.jpg,0,0.6346173,0,30.09019
C:\Users\Marwan\Downloads\behave\data5\IMG\center_2018_02_13_18_36_19_941.jpg,C:\Users\Marwan\Downloads\behave\data5\IMG\left_2018_02_13_18_36_19_941.jpg,C:\Users\Marwan\Downloads\behave\data5\IMG\right_2018_02_13_18_36_19_941.jpg,0,0.354964,0,30.02241
C:\Users\Marwan\Downloads\behave\data5\IMG\center_2018_02_13_18_36_20_030.jpg,C:\Users\Marwan\Downloads\behave\data5\IMG\left_2018_02_13_18_36_20_030.jpg,C:\Users\Marwan\Downloads\behave\data5\IMG\right_2018_02_13_18_36_20_030.jpg,0,0.08541027,0,29.95426
C:\Users\Marwan\Downloads\behave\data5\IMG\center_2018_02_13_18_36_20_297.jpg,C:\Users\Marwan\Downloads\behave\data5\IMG\left_2018_02_13_18_36_20_297.jpg,C:\Users\Marwan\Downloads\behave\data5\IMG\right_2018_02_13_18_36_20_297.jpg,0,0,0,29.66373
C:\Users\Marwan\Downloads\behave\data5\IMG\center_2018_02_13_18_36_49_630.jpg,C:\Users\Marwan\Downloads\behave\data5\IMG\left_2018_02_13_18_36_49_630.jpg,C:\Users\Marwan\Downloads\behave\data5\IMG\right_2018_02_13_18_36_49_630.jpg,0,0,0,0.4515867
C:\Users\Marwan\Downloads\behave\data5\IMG\center_2018_02_13_18_36_49_726.jpg,C:\Users\Marwan\Downloads\behave\data5\IMG\left_2018_02_13_18_36_49_726.jpg,C:\Users\Marwan\Downloads\behave\data5\IMG\right_2018_02_13_18_36_49_726.jpg,0,0,0,0.4467817
C:\Users\Marwan\Downloads\behave\data5\IMG\center_2018_02_13_18_36_49_819.jpg,C:\Users\Marwan\Downloads\behave\data5\IMG\left_2018_02_13_18_36_49_819.jpg,C:\Users\Marwan\Downloads\behave\data5\IMG\right_2018_02_13_18_36_49_819.jpg,0,0,0,0.442028
C:\Users\Marwan\Downloads\behave\data5\IMG\center_2018_02_13_18_36_49_911.jpg,C:\Users\Marwan\Downloads\behave\data5\IMG\left_2018_02_13_18_36_49_911.jpg,C:\Users\Marwan\Downloads\behave\data5\IMG\right_2018_02_13_18_36_49_911.jpg,-0.05,0.09670648,0,0.4212507
C:\Users\Marwan\Downloads\behave\data5\IMG\center_2018_02_13_18_36_50_009.jpg,C:\Users\Marwan\Downloads\behave\data5\IMG\left_2018_02_13_18_36_50_009.jpg,C:\Users\Marwan\Downloads\behave\data5\IMG\right_2018_02_13_18_36_50_009.jpg,-0.3,0.3773212,0,0.1128658
C:\Users\Marwan\Downloads\behave\data5\IMG\center_2018_02_13_18_36_50_103.jpg,C:\Users\Marwan\Downloads\behave\data5\IMG\left_2018_02_13_18_36_50_103.jpg,C:\Users\Marwan\Downloads\behave\data5\IMG\right_2018_02_13_18_36_50_103.jpg,-0.5500001,0.6580872,0,0.5422642
C:\Users\Marwan\Downloads\behave\data5\IMG\center_2018_02_13_18_36_50_192.jpg,C:\Users\Marwan\Downloads\behave\data5\IMG\left_2018_02_13_18_36_50_192.jpg,C:\Users\Marwan\Downloads\behave\data5\IMG\right_2018_02_13_18_36_50_192.jpg,-0.3858098,0.9303646,0,1.257148
C:\Users\Marwan\Downloads\behave\data5\IMG\center_2018_02_13_18_36_50_282.jpg,C:\Users\Marwan\Downloads\behave\data5\IMG\left_2018_02_13_18_36_50_282.jpg,C:\Users\Marwan\Downloads\behave\data5\IMG\right_2018_02_13_18_36_50_282.jpg,-0.2994131,1,0,2.378299
C:\Users\Marwan\Downloads\behave\data5\IMG\center_2018_02_13_18_36_50_374.jpg,C:\Users\Marwan\Downloads\behave\data5\IMG\left_2018_02_13_18_36_50_374.jpg,C:\Users\Marwan\Downloads\behave\data5\IMG\right_2018_02_13_18_36_50_374.jpg,-0.4994131,1,0,3.27623
C:\Users\Marwan\Downloads\behave\data5\IMG\center_2018_02_13_18_36_50_464.jpg,C:\Users\Marwan\Downloads\behave\data5\IMG\left_2018_02_13_18_36_50_464.jpg,C:\Users\Marwan\Downloads\behave\data5\IMG\right_2018_02_13_18_36_50_464.jpg,-0.297967,1,0,4.448067
C:\Users\Marwan\Downloads\behave\data5\IMG\center_2018_02_13_18_36_50_556.jpg,C:\Users\Marwan\Downloads\behave\data5\IMG\left_2018_02_13_18_36_50_556.jpg,C:\Users\Marwan\Downloads\behave\data5\IMG\right_2018_02_13_18_36_50_556.jpg,-0.02328371,1,0,5.376002
C:\Users\Marwan\Downloads\behave\data5\IMG\center_2018_02_13_18_36_50_647.jpg,C:\Users\Marwan\Downloads\behave\data5\IMG\left_2018_02_13_18_36_50_647.jpg,C:\Users\Marwan\Downloads\behave\data5\IMG\right_2018_02_13_18_36_50_647.jpg,-0.2732837,1,0,6.519315
C:\Users\Marwan\Downloads\behave\data5\IMG\center_2018_02_13_18_36_50_740.jpg,C:\Users\Marwan\Downloads\behave\data5\IMG\left_2018_02_13_18_36_50_740.jpg,C:\Users\Marwan\Downloads\behave\data5\IMG\right_2018_02_13_18_36_50_740.jpg,-0.2028952,1,0,7.648383
C:\Users\Marwan\Downloads\behave\data5\IMG\center_2018_02_13_18_36_50_830.jpg,C:\Users\Marwan\Downloads\behave\data5\IMG\left_2018_02_13_18_36_50_830.jpg,C:\Users\Marwan\Downloads\behave\data5\IMG\right_2018_02_13_18_36_50_830.jpg,0,1,0,8.548238
C:\Users\Marwan\Downloads\behave\data5\IMG\center_2018_02_13_18_36_50_919.jpg,C:\Users\Marwan\Downloads\behave\data5\IMG\left_2018_02_13_18_36_50_919.jpg,C:\Users\Marwan\Downloads\behave\data5\IMG\right_2018_02_13_18_36_50_919.jpg,-0.25,1,0,9.658412
C:\Users\Marwan\Downloads\behave\data5\IMG\center_2018_02_13_18_36_51_011.jpg,C:\Users\Marwan\Downloads\behave\data5\IMG\left_2018_02_13_18_36_51_011.jpg,C:\Users\Marwan\Downloads\behave\data5\IMG\right_2018_02_13_18_36_51_011.jpg,-0.3525372,1,0,10.51398
C:\Users\Marwan\Downloads\behave\data5\IMG\center_2018_02_13_18_36_51_105.jpg,C:\Users\Marwan\Downloads\behave\data5\IMG\left_2018_02_13_18_36_51_105.jpg,C:\Users\Marwan\Downloads\behave\data5\IMG\right_2018_02_13_18_36_51_105.jpg,-0.2726654,1,0,11.7151
C:\Users\Marwan\Downloads\behave\data5\IMG\center_2018_02_13_18_36_51_195.jpg,C:\Users\Marwan\Downloads\behave\data5\IMG\left_2018_02_13_18_36_51_195.jpg,C:\Users\Marwan\Downloads\behave\data5\IMG\right_2018_02_13_18_36_51_195.jpg,-0.4726654,1,0,12.5106
C:\Users\Marwan\Downloads\behave\data5\IMG\center_2018_02_13_18_36_51_291.jpg,C:\Users\Marwan\Downloads\behave\data5\IMG\left_2018_02_13_18_36_51_291.jpg,C:\Users\Marwan\Downloads\behave\data5\IMG\right_2018_02_13_18_36_51_291.jpg,-0.6375242,1,0,13.29198
C:\Users\Marwan\Downloads\behave\data5\IMG\center_2018_02_13_18_36_51_386.jpg,C:\Users\Marwan\Downloads\behave\data5\IMG\left_2018_02_13_18_36_51_386.jpg,C:\Users\Marwan\Downloads\behave\data5\IMG\right_2018_02_13_18_36_51_386.jpg,-0.5590044,1,0,14.44164
C:\Users\Marwan\Downloads\behave\data5\IMG\center_2018_02_13_18_36_51_475.jpg,C:\Users\Marwan\Downloads\behave\data5\IMG\left_2018_02_13_18_36_51_475.jpg,C:\Users\Marwan\Downloads\behave\data5\IMG\right_2018_02_13_18_36_51_475.jpg,-0.7590044,1,0,15.22621
C:\Users\Marwan\Downloads\behave\data5\IMG\center_2018_02_13_18_36_51_567.jpg,C:\Users\Marwan\Downloads\behave\data5\IMG\left_2018_02_13_18_36_51_567.jpg,C:\Users\Marwan\Downloads\behave\data5\IMG\right_2018_02_13_18_36_51_567.jpg,-0.5593582,1,0,16.35367
C:\Users\Marwan\Downloads\behave\data5\IMG\center_2018_02_13_18_36_51_660.jpg,C:\Users\Marwan\Downloads\behave\data5\IMG\left_2018_02_13_18_36_51_660.jpg,C:\Users\Marwan\Downloads\behave\data5\IMG\right_2018_02_13_18_36_51_660.jpg,-0.6653166,1,0,17.28406
C:\Users\Marwan\Downloads\behave\data5\IMG\center_2018_02_13_18_36_51_751.jpg,C:\Users\Marwan\Downloads\behave\data5\IMG\left_2018_02_13_18_36_51_751.jpg,C:\Users\Marwan\Downloads\behave\data5\IMG\right_2018_02_13_18_36_51_751.jpg,-0.7463679,1,0,18.01291
C:\Users\Marwan\Downloads\behave\data5\IMG\center_2018_02_13_18_36_51_842.jpg,C:\Users\Marwan\Downloads\behave\data5\IMG\left_2018_02_13_18_36_51_842.jpg,C:\Users\Marwan\Downloads\behave\data5\IMG\right_2018_02_13_18_36_51_842.jpg,-0.4763201,1,0,19.18345
C:\Users\Marwan\Downloads\behave\data5\IMG\center_2018_02_13_18_36_51_929.jpg,C:\Users\Marwan\Downloads\behave\data5\IMG\left_2018_02_13_18_36_51_929.jpg,C:\Users\Marwan\Downloads\behave\data5\IMG\right_2018_02_13_18_36_51_929.jpg,-0.2125929,1,0,20.01016
C:\Users\Marwan\Downloads\behave\data5\IMG\center_2018_02_13_18_36_52_017.jpg,C:\Users\Marwan\Downloads\behave\data5\IMG\left_2018_02_13_18_36_52_017.jpg,C:\Users\Marwan\Downloads\behave\data5\IMG\right_2018_02_13_18_36_52_017.jpg,0,1,0,20.79013
C:\Users\Marwan\Downloads\behave\data5\IMG\center_2018_02_13_18_36_52_107.jpg,C:\Users\Marwan\Downloads\behave\data5\IMG\left_2018_02_13_18_36_52_107.jpg,C:\Users\Marwan\Downloads\behave\data5\IMG\right_2018_02_13_18_36_52_107.jpg,0,1,0,21.70261
C:\Users\Marwan\Downloads\behave\data5\IMG\center_2018_02_13_18_36_52_198.jpg,C:\Users\Marwan\Downloads\behave\data5\IMG\left_2018_02_13_18_36_52_198.jpg,C:\Users\Marwan\Downloads\behave\data5\IMG\right_2018_02_13_18_36_52_198.jpg,0,1,0,22.73816
C:\Users\Marwan\Downloads\behave\data5\IMG\center_2018_02_13_18_36_52_287.jpg,C:\Users\Marwan\Downloads\behave\data5\IMG\left_2018_02_13_18_36_52_287.jpg,C:\Users\Marwan\Downloads\behave\data5\IMG\right_2018_02_13_18_36_52_287.jpg,0,1,0,23.5147
C:\Users\Marwan\Downloads\behave\data5\IMG\center_2018_02_13_18_36_52_378.jpg,C:\Users\Marwan\Downloads\behave\data5\IMG\left_2018_02_13_18_36_52_378.jpg,C:\Users\Marwan\Downloads\behave\data5\IMG\right_2018_02_13_18_36_52_378.jpg,0,1,0,24.47595
C:\Users\Marwan\Downloads\behave\data5\IMG\center_2018_02_13_18_36_52_467.jpg,C:\Users\Marwan\Downloads\behave\data5\IMG\left_2018_02_13_18_36_52_467.jpg,C:\Users\Marwan\Downloads\behave\data5\IMG\right_2018_02_13_18_36_52_467.jpg,0,1,0,25.24739
C:\Users\Marwan\Downloads\behave\data5\IMG\center_2018_02_13_18_36_52_560.jpg,C:\Users\Marwan\Downloads\behave\data5\IMG\left_2018_02_13_18_36_52_560.jpg,C:\Users\Marwan\Downloads\behave\data5\IMG\right_2018_02_13_18_36_52_560.jpg,0,0.9106624,0,26.16993
C:\Users\Marwan\Downloads\behave\data5\IMG\center_2018_02_13_18_36_52_652.jpg,C:\Users\Marwan\Downloads\behave\data5\IMG\left_2018_02_13_18_36_52_652.jpg,C:\Users\Marwan\Downloads\behave\data5\IMG\right_2018_02_13_18_36_52_652.jpg,0,0.6366635,0,26.71863
C:\Users\Marwan\Downloads\behave\data5\IMG\center_2018_02_13_18_36_52_747.jpg,C:\Users\Marwan\Downloads\behave\data5\IMG\left_2018_02_13_18_36_52_747.jpg,C:\Users\Marwan\Downloads\behave\data5\IMG\right_2018_02_13_18_36_52_747.jpg,0,0.3519409,0,27.02802
C:\Users\Marwan\Downloads\behave\data5\IMG\center_2018_02_13_18_36_52_837.jpg,C:\Users\Marwan\Downloads\behave\data5\IMG\left_2018_02_13_18_36_52_837.jpg,C:\Users\Marwan\Downloads\behave\data5\IMG\right_2018_02_13_18_36_52_837.jpg,0,0.07953341,0,26.9848
C:\Users\Marwan\Downloads\behave\data5\IMG\center_2018_02_13_18_36_52_930.jpg,C:\Users\Marwan\Downloads\behave\data5\IMG\left_2018_02_13_18_36_52_930.jpg,C:\Users\Marwan\Downloads\behave\data5\IMG\right_2018_02_13_18_36_52_930.jpg,0,0,0,26.78393
C:\Users\Marwan\Downloads\behave\data5\IMG\center_2018_02_13_18_36_53_028.jpg,C:\Users\Marwan\Downloads\behave\data5\IMG\left_2018_02_13_18_36_53_028.jpg,C:\Users\Marwan\Downloads\behave\data5\IMG\right_2018_02_13_18_36_53_028.jpg,0,0,0,26.51735
C:\Users\Marwan\Downloads\behave\data5\IMG\center_2018_02_13_18_36_53_117.jpg,C:\Users\Marwan\Downloads\behave\data5\IMG\left_2018_02_13_18_36_53_117.jpg,C:\Users\Marwan\Downloads\behave\data5\IMG\right_2018_02_13_18_36_53_117.jpg,0,0,0,26.30466
C:\Users\Marwan\Downloads\behave\data5\IMG\center_2018_02_13_18_36_53_214.jpg,C:\Users\Marwan\Downloads\behave\data5\IMG\left_2018_02_13_18_36_53_214.jpg,C:\Users\Marwan\Downloads\behave\data5\IMG\right_2018_02_13_18_36_53_214.jpg,0,0,0,26.04069
C:\Users\Marwan\Downloads\behave\data5\IMG\center_2018_02_13_18_37_33_421.jpg,C:\Users\Marwan\Downloads\behave\data5\IMG\left_2018_02_13_18_37_33_421.jpg,C:\Users\Marwan\Downloads\behave\data5\IMG\right_2018_02_13_18_37_33_421.jpg,0,0.1641082,0,9.506141
C:\Users\Marwan\Downloads\behave\data5\IMG\center_2018_02_13_18_37_33_505.jpg,C:\Users\Marwan\Downloads\behave\data5\IMG\left_2018_02_13_18_37_33_505.jpg,C:\Users\Marwan\Downloads\behave\data5\IMG\right_2018_02_13_18_37_33_505.jpg,0,0.4163909,0,9.734704
C:\Users\Marwan\Downloads\behave\data5\IMG\center_2018_02_13_18_37_33_589.jpg,C:\Users\Marwan\Downloads\behave\data5\IMG\left_2018_02_13_18_37_33_589.jpg,C:\Users\Marwan\Downloads\behave\data5\IMG\right_2018_02_13_18_37_33_589.jpg,0,0.670892,0,10.20291
C:\Users\Marwan\Downloads\behave\data5\IMG\center_2018_02_13_18_37_33_670.jpg,C:\Users\Marwan\Downloads\behave\data5\IMG\left_2018_02_13_18_37_33_670.jpg,C:\Users\Marwan\Downloads\behave\data5\IMG\right_2018_02_13_18_37_33_670.jpg,0,0.9096798,0,10.90411
C:\Users\Marwan\Downloads\behave\data5\IMG\center_2018_02_13_18_37_33_755.jpg,C:\Users\Marwan\Downloads\behave\data5\IMG\left_2018_02_13_18_37_33_755.jpg,C:\Users\Marwan\Downloads\behave\data5\IMG\right_2018_02_13_18_37_33_755.jpg,0,1,0,11.61108
C:\Users\Marwan\Downloads\behave\data5\IMG\center_2018_02_13_18_37_33_840.jpg,C:\Users\Marwan\Downloads\behave\data5\IMG\left_2018_02_13_18_37_33_840.jpg,C:\Users\Marwan\Downloads\behave\data5\IMG\right_2018_02_13_18_37_33_840.jpg,-0.2,1,0,12.60365
C:\Users\Marwan\Downloads\behave\data5\IMG\center_2018_02_13_18_37_33_924.jpg,C:\Users\Marwan\Downloads\behave\data5\IMG\left_2018_02_13_18_37_33_924.jpg,C:\Users\Marwan\Downloads\behave\data5\IMG\right_2018_02_13_18_37_33_924.jpg,0,1,0,13.76059
C:\Users\Marwan\Downloads\behave\data5\IMG\center_2018_02_13_18_37_34_004.jpg,C:\Users\Marwan\Downloads\behave\data5\IMG\left_2018_02_13_18_37_34_004.jpg,C:\Users\Marwan\Downloads\behave\data5\IMG\right_2018_02_13_18_37_34_004.jpg,-0.15,1,0,14.5935
C:\Users\Marwan\Downloads\behave\data5\IMG\center_2018_02_13_18_37_34_087.jpg,C:\Users\Marwan\Downloads\behave\data5\IMG\left_2018_02_13_18_37_34_087.jpg,C:\Users\Marwan\Downloads\behave\data5\IMG\right_2018_02_13_18_37_34_087.jpg,-0.08908568,1,0,15.44423
C:\Users\Marwan\Downloads\behave\data5\IMG\center_2018_02_13_18_37_34_169.jpg,C:\Users\Marwan\Downloads\behave\data5\IMG\left_2018_02_13_18_37_34_169.jpg,C:\Users\Marwan\Downloads\behave\data5\IMG\right_2018_02_13_18_37_34_169.jpg,0,1,0,16.27027
C:\Users\Marwan\Downloads\behave\data5\IMG\center_2018_02_13_18_37_34_254.jpg,C:\Users\Marwan\Downloads\behave\data5\IMG\left_2018_02_13_18_37_34_254.jpg,C:\Users\Marwan\Downloads\behave\data5\IMG\right_2018_02_13_18_37_34_254.jpg,0,1,0,17.09849
C:\Users\Marwan\Downloads\behave\data5\IMG\center_2018_02_13_18_37_34_335.jpg,C:\Users\Marwan\Downloads\behave\data5\IMG\left_2018_02_13_18_37_34_335.jpg,C:\Users\Marwan\Downloads\behave\data5\IMG\right_2018_02_13_18_37_34_335.jpg,0,1,0,17.92355
C:\Users\Marwan\Downloads\behave\data5\IMG\center_2018_02_13_18_37_34_421.jpg,C:\Users\Marwan\Downloads\behave\data5\IMG\left_2018_02_13_18_37_34_421.jpg,C:\Users\Marwan\Downloads\behave\data5\IMG\right_2018_02_13_18_37_34_421.jpg,-0.25,1,0,18.91423
C:\Users\Marwan\Downloads\behave\data5\IMG\center_2018_02_13_18_37_34_503.jpg,C:\Users\Marwan\Downloads\behave\data5\IMG\left_2018_02_13_18_37_34_503.jpg,C:\Users\Marwan\Downloads\behave\data5\IMG\right_2018_02_13_18_37_34_503.jpg,-0.007315701,1,0,19.73266
C:\Users\Marwan\Downloads\behave\data5\IMG\center_2018_02_13_18_37_34_587.jpg,C:\Users\Marwan\Downloads\behave\data5\IMG\left_2018_02_13_18_37_34_587.jpg,C:\Users\Marwan\Downloads\behave\data5\IMG\right_2018_02_13_18_37_34_587.jpg,0,1,0,20.54488
C:\Users\Marwan\Downloads\behave\data5\IMG\center_2018_02_13_18_37_34_668.jpg,C:\Users\Marwan\Downloads\behave\data5\IMG\left_2018_02_13_18_37_34_668.jpg,C:\Users\Marwan\Downloads\behave\data5\IMG\right_2018_02_13_18_37_34_668.jpg,-0.2,1,0,21.33515
C:\Users\Marwan\Downloads\behave\data5\IMG\center_2018_02_13_18_37_34_751.jpg,C:\Users\Marwan\Downloads\behave\data5\IMG\left_2018_02_13_18_37_34_751.jpg,C:\Users\Marwan\Downloads\behave\data5\IMG\right_2018_02_13_18_37_34_751.jpg,0,1,0,22.12612
C:\Users\Marwan\Downloads\behave\data5\IMG\center_2018_02_13_18_37_34_839.jpg,C:\Users\Marwan\Downloads\behave\data5\IMG\left_2018_02_13_18_37_34_839.jpg,C:\Users\Marwan\Downloads\behave\data5\IMG\right_2018_02_13_18_37_34_839.jpg,-0.1,1,0,23.10428
C:\Users\Marwan\Downloads\behave\data5\IMG\center_2018_02_13_18_37_34_922.jpg,C:\Users\Marwan\Downloads\behave\data5\IMG\left_2018_02_13_18_37_34_922.jpg,C:\Users\Marwan\Downloads\behave\data5\IMG\right_2018_02_13_18_37_34_922.jpg,-0.3,1,0,23.85021
C:\Users\Marwan\Downloads\behave\data5\IMG\center_2018_02_13_18_37_35_005.jpg,C:\Users\Marwan\Downloads\behave\data5\IMG\left_2018_02_13_18_37_35_005.jpg,C:\Users\Marwan\Downloads\behave\data5\IMG\right_2018_02_13_18_37_35_005.jpg,-0.08101419,1,0,24.61846
C:\Users\Marwan\Downloads\behave\data5\IMG\center_2018_02_13_18_37_35_088.jpg,C:\Users\Marwan\Downloads\behave\data5\IMG\left_2018_02_13_18_37_35_088.jpg,C:\Users\Marwan\Downloads\behave\data5\IMG\right_2018_02_13_18_37_35_088.jpg,0,1,0,25.38162
C:\Users\Marwan\Downloads\behave\data5\IMG\center_2018_02_13_18_37_35_172.jpg,C:\Users\Marwan\Downloads\behave\data5\IMG\left_2018_02_13_18_37_35_172.jpg,C:\Users\Marwan\Downloads\behave\data5\IMG\right_2018_02_13_18_37_35_172.jpg,-0.05,1,0,26.14353
C:\Users\Marwan\Downloads\behave\data5\IMG\center_2018_02_13_18_37_35_259.jpg,C:\Users\Marwan\Downloads\behave\data5\IMG\left_2018_02_13_18_37_35_259.jpg,C:\Users\Marwan\Downloads\behave\data5\IMG\right_2018_02_13_18_37_35_259.jpg,-0.3,1,0,27.04776
C:\Users\Marwan\Downloads\behave\data5\IMG\center_2018_02_13_18_37_35_340.jpg,C:\Users\Marwan\Downloads\behave\data5\IMG\left_2018_02_13_18_37_35_340.jpg,C:\Users\Marwan\Downloads\behave\data5\IMG\right_2018_02_13_18_37_35_340.jpg,-0.2424884,1,0,27.75128
C:\Users\Marwan\Downloads\behave\data5\IMG\center_2018_02_13_18_37_35_421.jpg,C:\Users\Marwan\Downloads\behave\data5\IMG\left_2018_02_13_18_37_35_421.jpg,C:\Users\Marwan\Downloads\behave\data5\IMG\right_2018_02_13_18_37_35_421.jpg,0,1,0,28.49479
C:\Users\Marwan\Downloads\behave\data5\IMG\center_2018_02_13_18_37_35_504.jpg,C:\Users\Marwan\Downloads\behave\data5\IMG\left_2018_02_13_18_37_35_504.jpg,C:\Users\Marwan\Downloads\behave\data5\IMG\right_2018_02_13_18_37_35_504.jpg,0,1,0,29.2275
C:\Users\Marwan\Downloads\behave\data5\IMG\center_2018_02_13_18_37_35_589.jpg,C:\Users\Marwan\Downloads\behave\data5\IMG\left_2018_02_13_18_37_35_589.jpg,C:\Users\Marwan\Downloads\behave\data5\IMG\right_2018_02_13_18_37_35_589.jpg,-0.2,1,0,29.94941
C:\Users\Marwan\Downloads\behave\data5\IMG\center_2018_02_13_18_37_35_671.jpg,C:\Users\Marwan\Downloads\behave\data5\IMG\left_2018_02_13_18_37_35_671.jpg,C:\Users\Marwan\Downloads\behave\data5\IMG\right_2018_02_13_18_37_35_671.jpg,-0.01736898,1,0,30.19044
C:\Users\Marwan\Downloads\behave\data5\IMG\center_2018_02_13_18_37_35_755.jpg,C:\Users\Marwan\Downloads\behave\data5\IMG\left_2018_02_13_18_37_35_755.jpg,C:\Users\Marwan\Downloads\behave\data5\IMG\right_2018_02_13_18_37_35_755.jpg,0,1,0,30.19005
C:\Users\Marwan\Downloads\behave\data5\IMG\center_2018_02_13_18_37_35_837.jpg,C:\Users\Marwan\Downloads\behave\data5\IMG\left_2018_02_13_18_37_35_837.jpg,C:\Users\Marwan\Downloads\behave\data5\IMG\right_2018_02_13_18_37_35_837.jpg,0,1,0,30.19026
C:\Users\Marwan\Downloads\behave\data5\IMG\center_2018_02_13_18_37_35_921.jpg,C:\Users\Marwan\Downloads\behave\data5\IMG\left_2018_02_13_18_37_35_921.jpg,C:\Users\Marwan\Downloads\behave\data5\IMG\right_2018_02_13_18_37_35_921.jpg,0,1,0,30.19051
C:\Users\Marwan\Downloads\behave\data5\IMG\center_2018_02_13_18_37_36_002.jpg,C:\Users\Marwan\Downloads\behave\data5\IMG\left_2018_02_13_18_37_36_002.jpg,C:\Users\Marwan\Downloads\behave\data5\IMG\right_2018_02_13_18_37_36_002.jpg,-0.15,1,0,30.18464
C:\Users\Marwan\Downloads\behave\data5\IMG\center_2018_02_13_18_37_36_089.jpg,C:\Users\Marwan\Downloads\behave\data5\IMG\left_2018_02_13_18_37_36_089.jpg,C:\Users\Marwan\Downloads\behave\data5\IMG\right_2018_02_13_18_37_36_089.jpg,-0.06871316,1,0,30.18946
C:\Users\Marwan\Downloads\behave\data5\IMG\center_2018_02_13_18_37_36_171.jpg,C:\Users\Marwan\Downloads\behave\data5\IMG\left_2018_02_13_18_37_36_171.jpg,C:\Users\Marwan\Downloads\behave\data5\IMG\right_2018_02_13_18_37_36_171.jpg,0,1,0,30.18969
C:\Users\Marwan\Downloads\behave\data5\IMG\center_2018_02_13_18_37_36_253.jpg,C:\Users\Marwan\Downloads\behave\data5\IMG\left_2018_02_13_18_37_36_253.jpg,C:\Users\Marwan\Downloads\behave\data5\IMG\right_2018_02_13_18_37_36_253.jpg,-0.2,1,0,30.18218
C:\Users\Marwan\Downloads\behave\data5\IMG\center_2018_02_13_18_37_36_334.jpg,C:\Users\Marwan\Downloads\behave\data5\IMG\left_2018_02_13_18_37_36_334.jpg,C:\Users\Marwan\Downloads\behave\data5\IMG\right_2018_02_13_18_37_36_334.jpg,-0.004925163,1,0,30.19046
C:\Users\Marwan\Downloads\behave\data5\IMG\center_2018_02_13_18_37_36_418.jpg,C:\Users\Marwan\Downloads\behave\data5\IMG\left_2018_02_13_18_37_36_418.jpg,C:\Users\Marwan\Downloads\behave\data5\IMG\right_2018_02_13_18_37_36_418.jpg,0,1,0,30.19011
C:\Users\Marwan\Downloads\behave\data5\IMG\center_2018_02_13_18_37_36_502.jpg,C:\Users\Marwan\Downloads\behave\data5\IMG\left_2018_02_13_18_37_36_502.jpg,C:\Users\Marwan\Downloads\behave\data5\IMG\right_2018_02_13_18_37_36_502.jpg,-0.15,1,0,30.18575
C:\Users\Marwan\Downloads\behave\data5\IMG\center_2018_02_13_18_37_36_583.jpg,C:\Users\Marwan\Downloads\behave\data5\IMG\left_2018_02_13_18_37_36_583.jpg,C:\Users\Marwan\Downloads\behave\data5\IMG\right_2018_02_13_18_37_36_583.jpg,-0.0945469,1,0,30.19031
C:\Users\Marwan\Downloads\behave\data5\IMG\center_2018_02_13_18_37_36_662.jpg,C:\Users\Marwan\Downloads\behave\data5\IMG\left_2018_02_13_18_37_36_662.jpg,C:\Users\Marwan\Downloads\behave\data5\IMG\right_2018_02_13_18_37_36_662.jpg,0,1,0,30.19003
C:\Users\Marwan\Downloads\behave\data5\IMG\center_2018_02_13_18_37_36_747.jpg,C:\Users\Marwan\Downloads\behave\data5\IMG\left_2018_02_13_18_37_36_747.jpg,C:\Users\Marwan\Downloads\behave\data5\IMG\right_2018_02_13_18_37_36_747.jpg,-0.15,1,0,30.18608
C:\Users\Marwan\Downloads\behave\data5\IMG\center_2018_02_13_18_37_36_835.jpg,C:\Users\Marwan\Downloads\behave\data5\IMG\left_2018_02_13_18_37_36_835.jpg,C:\Users\Marwan\Downloads\behave\data5\IMG\right_2018_02_13_18_37_36_835.jpg,-0.2811956,1,0,30.17491
C:\Users\Marwan\Downloads\behave\data5\IMG\center_2018_02_13_18_37_36_917.jpg,C:\Users\Marwan\Downloads\behave\data5\IMG\left_2018_02_13_18_37_36_917.jpg,C:\Users\Marwan\Downloads\behave\data5\IMG\right_2018_02_13_18_37_36_917.jpg,-0.03351894,1,0,30.19083
C:\Users\Marwan\Downloads\behave\data5\IMG\center_2018_02_13_18_37_36_999.jpg,C:\Users\Marwan\Downloads\behave\data5\IMG\left_2018_02_13_18_37_36_999.jpg,C:\Users\Marwan\Downloads\behave\data5\IMG\right_2018_02_13_18_37_36_999.jpg,-0.15,1,0,30.18827
C:\Users\Marwan\Downloads\behave\data5\IMG\center_2018_02_13_18_37_37_078.jpg,C:\Users\Marwan\Downloads\behave\data5\IMG\left_2018_02_13_18_37_37_078.jpg,C:\Users\Marwan\Downloads\behave\data5\IMG\right_2018_02_13_18_37_37_078.jpg,-0.2497159,1,0,30.18223
C:\Users\Marwan\Downloads\behave\data5\IMG\center_2018_02_13_18_37_37_157.jpg,C:\Users\Marwan\Downloads\behave\data5\IMG\left_2018_02_13_18_37_37_157.jpg,C:\Users\Marwan\Downloads\behave\data5\IMG\right_2018_02_13_18_37_37_157.jpg,-0.01241582,1,0,30.18952
C:\Users\Marwan\Downloads\behave\data5\IMG\center_2018_02_13_18_37_37_236.jpg,C:\Users\Marwan\Downloads\behave\data5\IMG\left_2018_02_13_18_37_37_236.jpg,C:\Users\Marwan\Downloads\behave\data5\IMG\right_2018_02_13_18_37_37_236.jpg,0,1,0,30.18986
C:\Users\Marwan\Downloads\behave\data5\IMG\center_2018_02_13_18_37_37_316.jpg,C:\Users\Marwan\Downloads\behave\data5\IMG\left_2018_02_13_18_37_37_316.jpg,C:\Users\Marwan\Downloads\behave\data5\IMG\right_2018_02_13_18_37_37_316.jpg,0,1,0,30.19022
C:\Users\Marwan\Downloads\behave\data5\IMG\center_2018_02_13_18_37_37_392.jpg,C:\Users\Marwan\Downloads\behave\data5\IMG\left_2018_02_13_18_37_37_392.jpg,C:\Users\Marwan\Downloads\behave\data5\IMG\right_2018_02_13_18_37_37_392.jpg,0,1,0,30.19028
C:\Users\Marwan\Downloads\behave\data5\IMG\center_2018_02_13_18_37_37_475.jpg,C:\Users\Marwan\Downloads\behave\data5\IMG\left_2018_02_13_18_37_37_475.jpg,C:\Users\Marwan\Downloads\behave\data5\IMG\right_2018_02_13_18_37_37_475.jpg,-0.1,1,0,30.18814
C:\Users\Marwan\Downloads\behave\data5\IMG\center_2018_02_13_18_37_37_553.jpg,C:\Users\Marwan\Downloads\behave\data5\IMG\left_2018_02_13_18_37_37_553.jpg,C:\Users\Marwan\Downloads\behave\data5\IMG\right_2018_02_13_18_37_37_553.jpg,-0.2337913,1,0,30.17794
C:\Users\Marwan\Downloads\behave\data5\IMG\center_2018_02_13_18_37_37_629.jpg,C:\Users\Marwan\Downloads\behave\data5\IMG\left_2018_02_13_18_37_37_629.jpg,C:\Users\Marwan\Downloads\behave\data5\IMG\right_2018_02_13_18_37_37_629.jpg,-0.005983252,0.772192,0,30.14598
C:\Users\Marwan\Downloads\behave\data5\IMG\center_2018_02_13_18_37_37_710.jpg,C:\Users\Marwan\Downloads\behave\data5\IMG\left_2018_02_13_18_37_37_710.jpg,C:\Users\Marwan\Downloads\behave\data5\IMG\right_2018_02_13_18_37_37_710.jpg,0,0.5298786,0,30.08468
C:\Users\Marwan\Downloads\behave\data5\IMG\center_2018_02_13_18_37_37_788.jpg,C:\Users\Marwan\Downloads\behave\data5\IMG\left_2018_02_13_18_37_37_788.jpg,C:\Users\Marwan\Downloads\behave\data5\IMG\right_2018_02_13_18_37_37_788.jpg,0,0.2946191,0,30.0333
C:\Users\Marwan\Downloads\behave\data5\IMG\center_2018_02_13_18_37_38_028.jpg,C:\Users\Marwan\Downloads\behave\data5\IMG\left_2018_02_13_18_37_38_028.jpg,C:\Users\Marwan\Downloads\behave\data5\IMG\right_2018_02_13_18_37_38_028.jpg,0,0.05907134,0,29.93616
C:\Users\Marwan\Downloads\behave\data5\IMG\center_2018_02_13_18_38_02_961.jpg,C:\Users\Marwan\Downloads\behave\data5\IMG\left_2018_02_13_18_38_02_961.jpg,C:\Users\Marwan\Downloads\behave\data5\IMG\right_2018_02_13_18_38_02_961.jpg,-0.1,0,0,14.91706
C:\Users\Marwan\Downloads\behave\data5\IMG\center_2018_02_13_18_38_03_038.jpg,C:\Users\Marwan\Downloads\behave\data5\IMG\left_2018_02_13_18_38_03_038.jpg,C:\Users\Marwan\Downloads\behave\data5\IMG\right_2018_02_13_18_38_03_038.jpg,-0.25,0,0,15.32088
C:\Users\Marwan\Downloads\behave\data5\IMG\center_2018_02_13_18_38_03_119.jpg,C:\Users\Marwan\Downloads\behave\data5\IMG\left_2018_02_13_18_38_03_119.jpg,C:\Users\Marwan\Downloads\behave\data5\IMG\right_2018_02_13_18_38_03_119.jpg,-0.2427165,0,0,15.16097
C:\Users\Marwan\Downloads\behave\data5\IMG\center_2018_02_13_18_38_03_200.jpg,C:\Users\Marwan\Downloads\behave\data5\IMG\left_2018_02_13_18_38_03_200.jpg,C:\Users\Marwan\Downloads\behave\data5\IMG\right_2018_02_13_18_38_03_200.jpg,-0.310745,0,0,14.48948
C:\Users\Marwan\Downloads\behave\data5\IMG\center_2018_02_13_18_38_03_282.jpg,C:\Users\Marwan\Downloads\behave\data5\IMG\left_2018_02_13_18_38_03_282.jpg,C:\Users\Marwan\Downloads\behave\data5\IMG\right_2018_02_13_18_38_03_282.jpg,-0.4047491,0,0,14.32338
C:\Users\Marwan\Downloads\behave\data5\IMG\center_2018_02_13_18_38_03_365.jpg,C:\Users\Marwan\Downloads\behave\data5\IMG\left_2018_02_13_18_38_03_365.jpg,C:\Users\Marwan\Downloads\behave\data5\IMG\right_2018_02_13_18_38_03_365.jpg,-0.3477831,0,0,14.1811
C:\Users\Marwan\Downloads\behave\data5\IMG\center_2018_02_13_18_38_03_444.jpg,C:\Users\Marwan\Downloads\behave\data5\IMG\left_2018_02_13_18_38_03_444.jpg,C:\Users\Marwan\Downloads\behave\data5\IMG\right_2018_02_13_18_38_03_444.jpg,-0.5477831,0,0,14.07517
C:\Users\Marwan\Downloads\behave\data5\IMG\center_2018_02_13_18_38_03_526.jpg,C:\Users\Marwan\Downloads\behave\data5\IMG\left_2018_02_13_18_38_03_526.jpg,C:\Users\Marwan\Downloads\behave\data5\IMG\right_2018_02_13_18_38_03_526.jpg,-0.3277671,0,0,13.90225
C:\Users\Marwan\Downloads\behave\data5\IMG\center_2018_02_13_18_38_03_610.jpg,C:\Users\Marwan\Downloads\behave\data5\IMG\left_2018_02_13_18_38_03_610.jpg,C:\Users\Marwan\Downloads\behave\data5\IMG\right_2018_02_13_18_38_03_610.jpg,-0.3875171,0,0,13.82082
C:\Users\Marwan\Downloads\behave\data5\IMG\center_2018_02_13_18_38_03_686.jpg,C:\Users\Marwan\Downloads\behave\data5\IMG\left_2018_02_13_18_38_03_686.jpg,C:\Users\Marwan\Downloads\behave\data5\IMG\right_2018_02_13_18_38_03_686.jpg,-0.4931406,0,0,13.62775
C:\Users\Marwan\Downloads\behave\data5\IMG\center_2018_02_13_18_38_03_776.jpg,C:\Users\Marwan\Downloads\behave\data5\IMG\left_2018_02_13_18_38_03_776.jpg,C:\Users\Marwan\Downloads\behave\data5\IMG\right_2018_02_13_18_38_03_776.jpg,-0.2395408,0.0810422,0,13.53171
C:\Users\Marwan\Downloads\behave\data5\IMG\center_2018_02_13_18_38_03_860.jpg,C:\Users\Marwan\Downloads\behave\data5\IMG\left_2018_02_13_18_38_03_860.jpg,C:\Users\Marwan\Downloads\behave\data5\IMG\right_2018_02_13_18_38_03_860.jpg,0,0.3290604,0,13.59418
C:\Users\Marwan\Downloads\behave\data5\IMG\center_2018_02_13_18_38_03_941.jpg,C:\Users\Marwan\Downloads\behave\data5\IMG\left_2018_02_13_18_38_03_941.jpg,C:\Users\Marwan\Downloads\behave\data5\IMG\right_2018_02_13_18_38_03_941.jpg,0,0.5746139,0,13.92993
C:\Users\Marwan\Downloads\behave\data5\IMG\center_2018_02_13_18_38_04_025.jpg,C:\Users\Marwan\Downloads\behave\data5\IMG\left_2018_02_13_18_38_04_025.jpg,C:\Users\Marwan\Downloads\behave\data5\IMG\right_2018_02_13_18_38_04_025.jpg,0,0.8271794,0,14.88694
C:\Users\Marwan\Downloads\behave\data5\IMG\center_2018_02_13_18_38_04_102.jpg,C:\Users\Marwan\Downloads\behave\data5\IMG\left_2018_02_13_18_38_04_102.jpg,C:\Users\Marwan\Downloads\behave\data5\IMG\right_2018_02_13_18_38_04_102.jpg,0,1,0,15.71332
C:\Users\Marwan\Downloads\behave\data5\IMG\center_2018_02_13_18_38_04_186.jpg,C:\Users\Marwan\Downloads\behave\data5\IMG\left_2018_02_13_18_38_04_186.jpg,C:\Users\Marwan\Downloads\behave\data5\IMG\right_2018_02_13_18_38_04_186.jpg,0,0.8348967,0,16.46809
C:\Users\Marwan\Downloads\behave\data5\IMG\center_2018_02_13_18_38_04_268.jpg,C:\Users\Marwan\Downloads\behave\data5\IMG\left_2018_02_13_18_38_04_268.jpg,C:\Users\Marwan\Downloads\behave\data5\IMG\right_2018_02_13_18_38_04_268.jpg,-0.05,0.587777,0,16.9696
C:\Users\Marwan\Downloads\behave\data5\IMG\center_2018_02_13_18_38_04_350.jpg,C:\Users\Marwan\Downloads\behave\data5\IMG\left_2018_02_13_18_38_04_350.jpg,C:\Users\Marwan\Downloads\behave\data5\IMG\right_2018_02_13_18_38_04_350.jpg,-0.25,0.3407498,0,17.21964
C:\Users\Marwan\Downloads\behave\data5\IMG\center_2018_02_13_18_38_04_435.jpg,C:\Users\Marwan\Downloads\behave\data5\IMG\left_2018_02_13_18_38_04_435.jpg,C:\Users\Marwan\Downloads\behave\data5\IMG\right_2018_02_13_18_38_04_435.jpg,-0.06935557,0.08663919,0,17.21935
C:\Users\Marwan\Downloads\behave\data5\IMG\center_2018_02_13_18_38_04_522.jpg,C:\Users\Marwan\Downloads\behave\data5\IMG\left_2018_02_13_18_38_04_522.jpg,C:\Users\Marwan\Downloads\behave\data5\IMG\right_2018_02_13_18_38_04_522.jpg,-0.3193556,0,0,17.44763
C:\Users\Marwan\Downloads\behave\data5\IMG\center_2018_02_13_18_38_04_606.jpg,C:\Users\Marwan\Downloads\behave\data5\IMG\left_2018_02_13_18_38_04_606.jpg,C:\Users\Marwan\Downloads\behave\data5\IMG\right_2018_02_13_18_38_04_606.jpg,-0.2322139,0,0,17.30561
C:\Users\Marwan\Downloads\behave\data5\IMG\center_2018_02_13_18_38_04_689.jpg,C:\Users\Marwan\Downloads\behave\data5\IMG\left_2018_02_13_18_38_04_689.jpg,C:\Users\Marwan\Downloads\behave\data5\IMG\right_2018_02_13_18_38_04_689.jpg,-0.2999751,0,0,17.16497
C:\Users\Marwan\Downloads\behave\data5\IMG\center_2018_02_13_18_38_04_771.jpg,C:\Users\Marwan\Downloads\behave\data5\IMG\left_2018_02_13_18_38_04_771.jpg,C:\Users\Marwan\Downloads\behave\data5\IMG\right_2018_02_13_18_38_04_771.jpg,-0.2385009,0,0,17.02462
C:\Users\Marwan\Downloads\behave\data5\IMG\center_2018_02_13_18_38_04_854.jpg,C:\Users\Marwan\Downloads\behave\data5\IMG\left_2018_02_13_18_38_04_854.jpg,C:\Users\Marwan\Downloads\behave\data5\IMG\right_2018_02_13_18_38_04_854.jpg,0,0,0,16.86611
C:\Users\Marwan\Downloads\behave\data5\IMG\center_2018_02_13_18_38_04_936.jpg,C:\Users\Marwan\Downloads\behave\data5\IMG\left_2018_02_13_18_38_04_936.jpg,C:\Users\Marwan\Downloads\behave\data5\IMG\right_2018_02_13_18_38_04_936.jpg,-0.2,0,0,16.7441
C:\Users\Marwan\Downloads\behave\data5\IMG\center_2018_02_13_18_38_05_021.jpg,C:\Users\Marwan\Downloads\behave\data5\IMG\left_2018_02_13_18_38_05_021.jpg,C:\Users\Marwan\Downloads\behave\data5\IMG\right_2018_02_13_18_38_05_021.jpg,-0.1683448,0,0,16.01546
C:\Users\Marwan\Downloads\behave\data5\IMG\center_2018_02_13_18_38_05_104.jpg,C:\Users\Marwan\Downloads\behave\data5\IMG\left_2018_02_13_18_38_05_104.jpg,C:\Users\Marwan\Downloads\behave\data5\IMG\right_2018_02_13_18_38_05_104.jpg,0,0,0,15.89891
C:\Users\Marwan\Downloads\behave\data5\IMG\center_2018_02_13_18_38_05_186.jpg,C:\Users\Marwan\Downloads\behave\data5\IMG\left_2018_02_13_18_38_05_186.jpg,C:\Users\Marwan\Downloads\behave\data5\IMG\right_2018_02_13_18_38_05_186.jpg,-0.2,0,0,15.76287
C:\Users\Marwan\Downloads\behave\data5\IMG\center_2018_02_13_18_38_05_268.jpg,C:\Users\Marwan\Downloads\behave\data5\IMG\left_2018_02_13_18_38_05_268.jpg,C:\Users\Marwan\Downloads\behave\data5\IMG\right_2018_02_13_18_38_05_268.jpg,-0.3249189,0,0,15.60171
C:\Users\Marwan\Downloads\behave\data5\IMG\center_2018_02_13_18_38_05_346.jpg,C:\Users\Marwan\Downloads\behave\data5\IMG\left_2018_02_13_18_38_05_346.jpg,C:\Users\Marwan\Downloads\behave\data5\IMG\right_2018_02_13_18_38_05_346.jpg,-0.08044736,0,0,15.48056
C:\Users\Marwan\Downloads\behave\data5\IMG\center_2018_02_13_18_38_05_428.jpg,C:\Users\Marwan\Downloads\behave\data5\IMG\left_2018_02_13_18_38_05_428.jpg,C:\Users\Marwan\Downloads\behave\data5\IMG\right_2018_02_13_18_38_05_428.jpg,-0.2804474,0,0,15.34661
C:\Users\Marwan\Downloads\behave\data5\IMG\center_2018_02_13_18_38_05_509.jpg,C:\Users\Marwan\Downloads\behave\data5\IMG\left_2018_02_13_18_38_05_509.jpg,C:\Users\Marwan\Downloads\behave\data5\IMG\right_2018_02_13_18_38_05_509.jpg,-0.2386101,0,0,15.20343
C:\Users\Marwan\Downloads\behave\data5\IMG\center_2018_02_13_18_38_05_592.jpg,C:\Users\Marwan\Downloads\behave\data5\IMG\left_2018_02_13_18_38_05_592.jpg,C:\Users\Marwan\Downloads\behave\data5\IMG\right_2018_02_13_18_38_05_592.jpg,-0.1246236,0,0,15.08404
C:\Users\Marwan\Downloads\behave\data5\IMG\center_2018_02_13_18_38_05_669.jpg,C:\Users\Marwan\Downloads\behave\data5\IMG\left_2018_02_13_18_38_05_669.jpg,C:\Users\Marwan\Downloads\behave\data5\IMG\right_2018_02_13_18_38_05_669.jpg,-0.08805834,0,0,14.96516
C:\Users\Marwan\Downloads\behave\data5\IMG\center_2018_02_13_18_38_05_752.jpg,C:\Users\Marwan\Downloads\behave\data5\IMG\left_2018_02_13_18_38_05_752.jpg,C:\Users\Marwan\Downloads\behave\data5\IMG\right_2018_02_13_18_38_05_752.jpg,0,0,0,14.84044
C:\Users\Marwan\Downloads\behave\data5\IMG\center_2018_02_13_18_38_05_833.jpg,C:\Users\Marwan\Downloads\behave\data5\IMG\left_2018_02_13_18_38_05_833.jpg,C:\Users\Marwan\Downloads\behave\data5\IMG\right_2018_02_13_18_38_05_833.jpg,0,0,0,14.7226
C:\Users\Marwan\Downloads\behave\data5\IMG\center_2018_02_13_18_38_05_912.jpg,C:\Users\Marwan\Downloads\behave\data5\IMG\left_2018_02_13_18_38_05_912.jpg,C:\Users\Marwan\Downloads\behave\data5\IMG\right_2018_02_13_18_38_05_912.jpg,0,0,0,14.60345
C:\Users\Marwan\Downloads\behave\data5\IMG\center_2018_02_13_18_38_05_995.jpg,C:\Users\Marwan\Downloads\behave\data5\IMG\left_2018_02_13_18_38_05_995.jpg,C:\Users\Marwan\Downloads\behave\data5\IMG\right_2018_02_13_18_38_05_995.jpg,0,0,0,14.48401
C:\Users\Marwan\Downloads\behave\data5\IMG\center_2018_02_13_18_38_06_076.jpg,C:\Users\Marwan\Downloads\behave\data5\IMG\left_2018_02_13_18_38_06_076.jpg,C:\Users\Marwan\Downloads\behave\data5\IMG\right_2018_02_13_18_38_06_076.jpg,0,0,0,14.36259
C:\Users\Marwan\Downloads\behave\data5\IMG\center_2018_02_13_18_38_06_162.jpg,C:\Users\Marwan\Downloads\behave\data5\IMG\left_2018_02_13_18_38_06_162.jpg,C:\Users\Marwan\Downloads\behave\data5\IMG\right_2018_02_13_18_38_06_162.jpg,0,0,0,14.74035
C:\Users\Marwan\Downloads\behave\data5\IMG\center_2018_02_13_18_38_06_388.jpg,C:\Users\Marwan\Downloads\behave\data5\IMG\left_2018_02_13_18_38_06_388.jpg,C:\Users\Marwan\Downloads\behave\data5\IMG\right_2018_02_13_18_38_06_388.jpg,0,0,0,14.62528
